distance;17U
1BINF;314.365159276063
2HINF;219.494276588682
