distance;17U
E04-02;248.483327857594
E04-03;249.990352260219
E04-04;270.951298618762
E04-05;323.212469164167
E04-06;389.672175325906
E04-07;476.912254217948
E04-08;603.052599881031
