;E04-02;E04-03;E04-04;E04-05;E04-06;E04-07;E04-08
2015-01-01;0.0;0.0;0.0;0.0;0.0;0.0;0.0
2015-01-02;0.0;0.0;0.0;0.0;0.0;0.0;0.0
2015-01-03;0.0;0.0;0.0;0.0;0.0;0.0;0.0
2015-01-04;0.0;0.0;0.0;0.0;0.0;0.0;0.0
2015-01-05;0.0;0.0;0.0;0.0;0.0;0.0;0.0
2015-01-06;0.0;0.0;0.0;0.0;0.0;0.0;0.0
2015-01-07;0.0;0.0;0.0;0.0;0.0;0.0;0.0
2015-01-08;0.0;0.0;0.0;0.0;0.0;0.0;0.0
2015-01-09;0.0;0.0;0.0;0.0;0.0;0.0;0.0
2015-01-10;0.0;0.0;0.0;0.0;0.0;0.0;0.0
2015-01-11;0.0;0.0;0.0;0.0;0.0;0.0;0.0
2015-01-12;0.0;0.0;0.0;0.0;0.0;0.0;0.0
2015-01-13;0.0;0.0;0.0;0.0;0.0;0.0;0.0
2015-01-14;0.0;0.0;0.0;0.0;0.0;0.0;0.0
2015-01-15;0.0;0.0;0.0;0.0;0.0;0.0;0.0
2015-01-16;0.0;0.0;0.0;0.0;0.0;0.0;0.0
2015-01-17;0.0;0.0;0.0;0.0;0.0;0.0;0.0
2015-01-18;0.0;0.0;0.0;0.0;0.0;0.0;0.0
2015-01-19;0.0;0.0;0.0;0.0;0.0;0.0;0.0
2015-01-20;0.0;0.0;0.0;0.0;0.0;0.0;0.0
2015-01-21;0.0;0.0;0.0;0.0;0.0;0.0;0.0
2015-01-22;0.0;0.0;0.0;0.0;0.0;0.0;0.0
2015-01-23;0.0;0.0;0.0;0.0;0.0;0.0;0.0
2015-01-24;0.0;0.0;0.0;0.0;0.0;0.0;0.0
2015-01-25;0.0;0.0;0.0;0.0;0.0;0.0;0.0
2015-01-26;0.0;0.0;0.0;0.0;0.0;0.0;0.0
2015-01-27;0.0;0.0;0.0;0.0;0.0;0.0;0.0
2015-01-28;0.0;0.0;0.0;0.0;0.0;0.0;0.0
2015-01-29;0.0;0.0;0.0;0.0;0.0;0.0;0.0
2015-01-30;0.0;0.0;0.0;0.0;0.0;0.0;0.0
2015-01-31;0.0;0.0;0.0;0.0;0.0;0.0;0.0
2015-02-01;0.0;0.0;0.0;0.0;0.0;0.0;0.0
2015-02-02;0.0;0.0;0.0;0.0;0.0;0.0;0.0
2015-02-03;0.0;0.0;0.0;0.0;0.0;0.0;0.0
2015-02-04;0.0;0.0;0.0;0.0;0.0;0.0;0.0
2015-02-05;0.0;0.0;0.0;0.0;0.0;0.0;0.0
2015-02-06;0.0;0.0;0.0;0.0;0.0;0.0;0.0
2015-02-07;0.0;0.0;0.0;0.0;0.0;0.0;0.0
2015-02-08;0.0;0.0;0.0;0.0;0.0;0.0;0.0
2015-02-09;0.0;0.0;0.0;0.0;0.0;0.0;0.0
2015-02-10;0.0;0.0;0.0;0.0;0.0;0.0;0.0
2015-02-11;0.0;0.0;0.0;0.0;0.0;0.0;0.0
2015-02-12;0.0;0.0;0.0;0.0;0.0;0.0;0.0
2015-02-13;0.0;0.0;0.0;0.0;0.0;0.0;0.0
2015-02-14;0.0;0.0;0.0;0.0;0.0;0.0;0.0
2015-02-15;0.0;0.0;0.0;0.0;0.0;0.0;0.0
2015-02-16;0.0;0.0;0.0;0.0;0.0;0.0;0.0
2015-02-17;0.0;0.0;0.0;0.0;0.0;0.0;0.0
2015-02-18;0.0;0.0;0.0;0.0;0.0;0.0;0.0
2015-02-19;0.0;0.0;0.0;0.0;0.0;0.0;0.0
2015-02-20;0.0;0.0;0.0;0.0;0.0;0.0;0.0
2015-02-21;0.0;0.0;0.0;0.0;0.0;0.0;0.0
2015-02-22;0.0;0.0;0.0;0.0;0.0;0.0;0.0
2015-02-23;0.0;0.0;0.0;0.0;0.0;0.0;0.0
2015-02-24;0.0;0.0;0.0;0.0;0.0;0.0;0.0
2015-02-25;0.0;0.0;0.0;0.0;0.0;0.0;0.0
2015-02-26;0.0;0.0;0.0;0.0;0.0;0.0;0.0
2015-02-27;0.0;0.0;0.0;0.0;0.0;0.0;0.0
2015-02-28;0.0;0.0;0.0;0.0;0.0;0.0;0.0
2015-03-01;0.0;0.0;0.0;0.0;0.0;0.0;0.0
2015-03-02;0.0;0.0;0.0;0.0;0.0;0.0;0.0
2015-03-03;0.0;0.0;0.0;0.0;0.0;0.0;0.0
2015-03-04;0.0;0.0;0.0;0.0;0.0;0.0;0.0
2015-03-05;0.0;0.0;0.0;0.0;0.0;0.0;0.0
2015-03-06;0.0;0.0;0.0;0.0;0.0;0.0;0.0
2015-03-07;0.0;0.0;0.0;0.0;0.0;0.0;0.0
2015-03-08;0.0;0.0;0.0;0.0;0.0;0.0;0.0
2015-03-09;0.0;0.0;0.0;0.0;0.0;0.0;0.0
2015-03-10;0.0;0.0;0.0;0.0;0.0;0.0;0.0
2015-03-11;0.0;0.0;0.0;0.0;0.0;0.0;0.0
2015-03-12;0.0;0.0;0.0;0.0;0.0;0.0;0.0
2015-03-13;0.0;0.0;0.0;0.0;0.0;0.0;0.0
2015-03-14;0.0;0.0;0.0;0.0;0.0;0.0;0.0
2015-03-15;0.0;0.0;0.0;0.0;0.0;0.0;0.0
2015-03-16;0.0;0.0;0.0;0.0;0.0;0.0;0.0
2015-03-17;0.0;0.0;0.0;0.0;0.0;0.0;0.0
2015-03-18;0.0;0.0;0.0;0.0;0.0;0.0;0.0
2015-03-19;0.0;0.0;0.0;0.0;0.0;0.0;0.0
2015-03-20;0.0;0.0;0.0;0.0;0.0;0.0;0.0
2015-03-21;0.0;0.0;0.0;0.0;0.0;0.0;0.0
2015-03-22;0.0;0.0;0.0;0.0;0.0;0.0;0.0
2015-03-23;0.0;0.0;0.0;0.0;0.0;0.0;0.0
2015-03-24;0.0;0.0;0.0;0.0;0.0;0.0;0.0
2015-03-25;0.0;0.0;0.0;0.0;0.0;0.0;0.0
2015-03-26;0.0;0.0;0.0;0.0;0.0;0.0;0.0
2015-03-27;0.0;0.0;0.0;0.0;0.0;0.0;0.0
2015-03-28;0.0;0.0;0.0;0.0;0.0;0.0;0.0
2015-03-29;0.0;0.0;0.0;0.0;0.0;0.0;0.0
2015-03-30;0.0;0.0;0.0;0.0;0.0;0.0;0.0
2015-03-31;0.0;0.0;0.0;0.0;0.0;0.0;0.0
2015-04-01;0.0;0.0;0.0;0.0;0.0;0.0;0.0
2015-04-02;0.0;0.0;0.0;0.0;0.0;0.0;0.0
2015-04-03;0.0;0.0;0.0;0.0;0.0;0.0;0.0
2015-04-04;0.0;0.0;0.0;0.0;0.0;0.0;0.0
2015-04-05;0.0;0.0;0.0;0.0;0.0;0.0;0.0
2015-04-06;0.0;0.0;0.0;0.0;0.0;0.0;0.0
2015-04-07;0.0;0.0;0.0;0.0;0.0;0.0;0.0
2015-04-08;0.0;0.0;0.0;0.0;0.0;0.0;0.0
2015-04-09;0.0;0.0;0.0;0.0;0.0;0.0;0.0
2015-04-10;0.0;0.0;0.0;0.0;0.0;0.0;0.0
2015-04-11;0.0;0.0;0.0;0.0;0.0;0.0;0.0
2015-04-12;0.0;0.0;0.0;0.0;0.0;0.0;0.0
2015-04-13;0.0;0.0;0.0;0.0;0.0;0.0;0.0
2015-04-14;0.0;0.0;0.0;0.0;0.0;0.0;0.0
2015-04-15;0.0;0.0;0.0;0.0;0.0;0.0;0.0
2015-04-16;0.0;0.0;0.0;0.0;0.0;0.0;0.0
2015-04-17;0.0;0.0;0.0;0.0;0.0;0.0;0.0
2015-04-18;0.0;0.0;0.0;0.0;0.0;0.0;0.0
2015-04-19;0.0;0.0;0.0;0.0;0.0;0.0;0.0
2015-04-20;0.0;0.0;0.0;0.0;0.0;0.0;0.0
2015-04-21;0.0;0.0;0.0;0.0;0.0;0.0;0.0
2015-04-22;0.0;0.0;0.0;0.0;0.0;0.0;0.0
2015-04-23;0.0;0.0;0.0;0.0;0.0;0.0;0.0
2015-04-24;0.0;0.0;0.0;0.0;0.0;0.0;0.0
2015-04-25;0.0;0.0;0.0;0.0;0.0;0.0;0.0
2015-04-26;0.0;0.0;0.0;0.0;0.0;0.0;0.0
2015-04-27;0.0;0.0;0.0;0.0;0.0;0.0;0.0
2015-04-28;0.0;0.0;0.0;0.0;0.0;0.0;0.0
2015-04-29;0.0;0.0;0.0;0.0;0.0;0.0;0.0
2015-04-30;0.0;0.0;0.0;0.0;0.0;0.0;0.0
2015-05-01;0.0;0.0;0.0;0.0;0.0;0.0;0.0
2015-05-02;0.0;0.0;0.0;0.0;0.0;0.0;0.0
2015-05-03;0.0;0.0;0.0;0.0;0.0;0.0;0.0
2015-05-04;0.0;0.0;0.0;0.0;0.0;0.0;0.0
2015-05-05;0.0;0.0;0.0;0.0;0.0;0.0;0.0
2015-05-06;0.0;0.0;0.0;0.0;0.0;0.0;0.0
2015-05-07;0.0;0.0;0.0;0.0;0.0;0.0;0.0
2015-05-08;0.0;0.0;0.0;0.0;0.0;0.0;0.0
2015-05-09;0.0;0.0;0.0;0.0;0.0;0.0;0.0
2015-05-10;0.0;0.0;0.0;0.0;0.0;0.0;0.0
2015-05-11;0.0;0.0;0.0;0.0;0.0;0.0;0.0
2015-05-12;0.0;0.0;0.0;0.0;0.0;0.0;0.0
2015-05-13;0.0;0.0;0.0;0.0;0.0;0.0;0.0
2015-05-14;0.0;0.0;0.0;0.0;0.0;0.0;0.0
2015-05-15;0.0;0.0;0.0;0.0;0.0;0.0;0.0
2015-05-16;0.0;0.0;0.0;0.0;0.0;0.0;0.0
2015-05-17;0.0;0.0;0.0;0.0;0.0;0.0;0.0
2015-05-18;0.0;0.0;0.0;0.0;0.0;0.0;0.0
2015-05-19;0.0;0.0;0.0;0.0;0.0;0.0;0.0
2015-05-20;0.0;0.0;0.0;0.0;0.0;0.0;0.0
2015-05-21;0.0;0.0;0.0;0.0;0.0;0.0;0.0
2015-05-22;0.0;0.0;0.0;0.0;0.0;0.0;0.0
2015-05-23;0.0;0.0;0.0;0.0;0.0;0.0;0.0
2015-05-24;0.0;0.0;0.0;0.0;0.0;0.0;0.0
2015-05-25;0.0;0.0;0.0;0.0;0.0;0.0;0.0
2015-05-26;0.0;0.0;0.0;0.0;0.0;0.0;0.0
2015-05-27;0.0;0.0;0.0;0.0;0.0;0.0;0.0
2015-05-28;0.0;0.0;0.0;0.0;0.0;0.0;0.0
2015-05-29;0.0;0.0;0.0;0.0;0.0;0.0;0.0
2015-05-30;0.0;0.0;0.0;0.0;0.0;0.0;0.0
2015-05-31;0.0;0.0;0.0;0.0;0.0;0.0;0.0
2015-06-01;0.0;0.0;0.0;0.0;0.0;0.0;0.0
2015-06-02;0.0;0.0;0.0;0.0;0.0;0.0;0.0
2015-06-03;0.0;0.0;0.0;0.0;0.0;0.0;0.0
2015-06-04;0.0;0.0;0.0;0.0;0.0;0.0;0.0
2015-06-05;0.0;0.0;0.0;0.0;0.0;0.0;0.0
2015-06-06;0.0;0.0;0.0;0.0;0.0;0.0;0.0
2015-06-07;0.0;0.0;0.0;0.0;0.0;0.0;0.0
2015-06-08;0.0;0.0;0.0;0.0;0.0;0.0;0.0
2015-06-09;0.0;0.0;0.0;0.0;0.0;0.0;0.0
2015-06-10;0.0;0.0;0.0;0.0;0.0;0.0;0.0
2015-06-11;0.0;0.0;0.0;0.0;0.0;0.0;0.0
2015-06-12;0.0;0.0;0.0;0.0;0.0;0.0;0.0
2015-06-13;0.0;0.0;0.0;0.0;0.0;0.0;0.0
2015-06-14;0.0;0.0;0.0;0.0;0.0;0.0;0.0
2015-06-15;0.0;0.0;0.0;0.0;0.0;0.0;0.0
2015-06-16;0.0;0.0;0.0;0.0;0.0;0.0;0.0
2015-06-17;0.0;0.0;0.0;0.0;0.0;0.0;0.0
2015-06-18;0.0;0.0;0.0;0.0;0.0;0.0;0.0
2015-06-19;0.0;0.0;0.0;0.0;0.0;0.0;0.0
2015-06-20;0.0;0.0;0.0;0.0;0.0;0.0;0.0
2015-06-21;0.0;0.0;0.0;0.0;0.0;0.0;0.0
2015-06-22;0.0;0.0;0.0;0.0;0.0;0.0;0.0
2015-06-23;0.0;0.0;0.0;0.0;0.0;0.0;0.0
2015-06-24;0.0;0.0;0.0;0.0;0.0;0.0;0.0
2015-06-25;0.0;0.0;0.0;0.0;0.0;0.0;0.0
2015-06-26;0.0;0.0;0.0;0.0;0.0;0.0;0.0
2015-06-27;0.0;0.0;0.0;0.0;0.0;0.0;0.0
2015-06-28;0.0;0.0;0.0;0.0;0.0;0.0;0.0
2015-06-29;0.0;0.0;0.0;0.0;0.0;0.0;0.0
2015-06-30;0.0;0.0;0.0;0.0;0.0;0.0;0.0
2015-07-01;0.0;0.0;0.0;0.0;0.0;0.0;0.0
2015-07-02;0.0;0.0;0.0;0.0;0.0;0.0;0.0
2015-07-03;0.0;0.0;0.0;0.0;0.0;0.0;0.0
2015-07-04;0.0;0.0;0.0;0.0;0.0;0.0;0.0
2015-07-05;0.0;0.0;0.0;0.0;0.0;0.0;0.0
2015-07-06;0.0;0.0;0.0;0.0;0.0;0.0;0.0
2015-07-07;0.0;0.0;0.0;0.0;0.0;0.0;0.0
2015-07-08;0.0;0.0;0.0;0.0;0.0;0.0;0.0
2015-07-09;0.0;0.0;0.0;0.0;0.0;0.0;0.0
2015-07-10;0.0;0.0;0.0;0.0;0.0;0.0;0.0
2015-07-11;0.0;0.0;0.0;0.0;0.0;0.0;0.0
2015-07-12;0.0;0.0;0.0;0.0;0.0;0.0;0.0
2015-07-13;0.0;0.0;0.0;0.0;0.0;0.0;0.0
2015-07-14;0.0;0.0;0.0;0.0;0.0;0.0;0.0
2015-07-15;0.0;0.0;0.0;0.0;0.0;0.0;0.0
2015-07-16;0.0;0.0;0.0;0.0;0.0;0.0;0.0
2015-07-17;0.0;0.0;0.0;0.0;0.0;0.0;0.0
2015-07-18;0.0;0.0;0.0;0.0;0.0;0.0;0.0
2015-07-19;0.0;0.0;0.0;0.0;0.0;0.0;0.0
2015-07-20;0.0;0.0;0.0;0.0;0.0;0.0;0.0
2015-07-21;0.0;0.0;0.0;0.0;0.0;0.0;0.0
2015-07-22;0.0;0.0;0.0;0.0;0.0;0.0;0.0
2015-07-23;0.0;0.0;0.0;0.0;0.0;0.0;0.0
2015-07-24;0.0;0.0;0.0;0.0;0.0;0.0;0.0
2015-07-25;0.0;0.0;0.0;0.0;0.0;0.0;0.0
2015-07-26;0.0;0.0;0.0;0.0;0.0;0.0;0.0
2015-07-27;0.0;0.0;0.0;0.0;0.0;0.0;0.0
2015-07-28;0.0;0.0;0.0;0.0;0.0;0.0;0.0
2015-07-29;0.0;0.0;0.0;0.0;0.0;0.0;0.0
2015-07-30;0.0;0.0;0.0;0.0;0.0;0.0;0.0
2015-07-31;0.0;0.0;0.0;0.0;0.0;0.0;0.0
2015-08-01;0.0;0.0;0.0;0.0;0.0;0.0;0.0
2015-08-02;0.0;0.0;0.0;0.0;0.0;0.0;0.0
2015-08-03;0.0;0.0;0.0;0.0;0.0;0.0;0.0
2015-08-04;0.0;0.0;0.0;0.0;0.0;0.0;0.0
2015-08-05;0.0;0.0;0.0;0.0;0.0;0.0;0.0
2015-08-06;0.0;0.0;0.0;0.0;0.0;0.0;0.0
2015-08-07;0.0;0.0;0.0;0.0;0.0;0.0;0.0
2015-08-08;0.0;0.0;0.0;0.0;0.0;0.0;0.0
2015-08-09;0.0;0.0;0.0;0.0;0.0;0.0;0.0
2015-08-10;0.0;0.0;0.0;0.0;0.0;0.0;0.0
2015-08-11;0.0;0.0;0.0;0.0;0.0;0.0;0.0
2015-08-12;0.0;0.0;0.0;0.0;0.0;0.0;0.0
2015-08-13;0.0;0.0;0.0;0.0;0.0;0.0;0.0
2015-08-14;0.0;0.0;0.0;0.0;0.0;0.0;0.0
2015-08-15;0.0;0.0;0.0;0.0;0.0;0.0;0.0
2015-08-16;0.0;0.0;0.0;0.0;0.0;0.0;0.0
2015-08-17;0.0;0.0;0.0;0.0;0.0;0.0;0.0
2015-08-18;0.0;0.0;0.0;0.0;0.0;0.0;0.0
2015-08-19;0.0;0.0;0.0;0.0;0.0;0.0;0.0
2015-08-20;0.0;0.0;0.0;0.0;0.0;0.0;0.0
2015-08-21;0.0;0.0;0.0;0.0;0.0;0.0;0.0
2015-08-22;0.0;0.0;0.0;0.0;0.0;0.0;0.0
2015-08-23;0.0;0.0;0.0;0.0;0.0;0.0;0.0
2015-08-24;0.0;0.0;0.0;0.0;0.0;0.0;0.0
2015-08-25;0.0;0.0;0.0;0.0;0.0;0.0;0.0
2015-08-26;0.0;0.0;0.0;0.0;0.0;0.0;0.0
2015-08-27;0.0;0.0;0.0;0.0;0.0;0.0;0.0
2015-08-28;0.0;0.0;0.0;0.0;0.0;0.0;0.0
2015-08-29;0.0;0.0;0.0;0.0;0.0;0.0;0.0
2015-08-30;0.0;0.0;0.0;0.0;0.0;0.0;0.0
2015-08-31;0.0;0.0;0.0;0.0;0.0;0.0;0.0
2015-09-01;0.0;0.0;0.0;0.0;0.0;0.0;0.0
2015-09-02;0.0;0.0;0.0;0.0;0.0;0.0;0.0
2015-09-03;0.0;0.0;0.0;0.0;0.0;0.0;0.0
2015-09-04;0.0;0.0;0.0;0.0;0.0;0.0;0.0
2015-09-05;0.0;0.0;0.0;0.0;0.0;0.0;0.0
2015-09-06;0.0;0.0;0.0;0.0;0.0;0.0;0.0
2015-09-07;0.0;0.0;0.0;0.0;0.0;0.0;0.0
2015-09-08;0.0;0.0;0.0;0.0;0.0;0.0;0.0
2015-09-09;0.0;0.0;0.0;0.0;0.0;0.0;0.0
2015-09-10;0.0;0.0;0.0;0.0;0.0;0.0;0.0
2015-09-11;0.0;0.0;0.0;0.0;0.0;0.0;0.0
2015-09-12;0.0;0.0;0.0;0.0;0.0;0.0;0.0
2015-09-13;0.0;0.0;0.0;0.0;0.0;0.0;0.0
2015-09-14;0.0;0.0;0.0;0.0;0.0;0.0;0.0
2015-09-15;0.0;0.0;0.0;0.0;0.0;0.0;0.0
2015-09-16;0.0;0.0;0.0;0.0;0.0;0.0;0.0
2015-09-17;0.0;0.0;0.0;0.0;0.0;0.0;0.0
2015-09-18;0.0;0.0;0.0;0.0;0.0;0.0;0.0
2015-09-19;0.0;0.0;0.0;0.0;0.0;0.0;0.0
2015-09-20;0.0;0.0;0.0;0.0;0.0;0.0;0.0
2015-09-21;0.0;0.0;0.0;0.0;0.0;0.0;0.0
2015-09-22;0.0;0.0;0.0;0.0;0.0;0.0;0.0
2015-09-23;0.0;0.0;0.0;0.0;0.0;0.0;0.0
2015-09-24;0.0;0.0;0.0;0.0;0.0;0.0;0.0
2015-09-25;0.0;0.0;0.0;0.0;0.0;0.0;0.0
2015-09-26;0.0;0.0;0.0;0.0;0.0;0.0;0.0
2015-09-27;0.0;0.0;0.0;0.0;0.0;0.0;0.0
2015-09-28;0.0;0.0;0.0;0.0;0.0;0.0;0.0
2015-09-29;0.0;0.0;0.0;0.0;0.0;0.0;0.0
2015-09-30;0.0;0.0;0.0;0.0;0.0;0.0;0.0
2015-10-01;0.0;0.0;0.0;0.0;0.0;0.0;0.0
2015-10-02;0.0;0.0;0.0;0.0;0.0;0.0;0.0
2015-10-03;0.0;0.0;0.0;0.0;0.0;0.0;0.0
2015-10-04;0.0;0.0;0.0;0.0;0.0;0.0;0.0
2015-10-05;0.0;0.0;0.0;0.0;0.0;0.0;0.0
2015-10-06;0.0;0.0;0.0;0.0;0.0;0.0;0.0
2015-10-07;0.0;0.0;0.0;0.0;0.0;0.0;0.0
2015-10-08;0.0;0.0;0.0;0.0;0.0;0.0;0.0
2015-10-09;0.0;0.0;0.0;0.0;0.0;0.0;0.0
2015-10-10;0.0;0.0;0.0;0.0;0.0;0.0;0.0
2015-10-11;0.0;0.0;0.0;0.0;0.0;0.0;0.0
2015-10-12;0.0;0.0;0.0;0.0;0.0;0.0;0.0
2015-10-13;0.0;0.0;0.0;0.0;0.0;0.0;0.0
2015-10-14;0.0;0.0;0.0;0.0;0.0;0.0;0.0
2015-10-15;0.0;0.0;0.0;0.0;0.0;0.0;0.0
2015-10-16;0.0;0.0;0.0;0.0;0.0;0.0;0.0
2015-10-17;0.0;0.0;0.0;0.0;0.0;0.0;0.0
2015-10-18;0.0;0.0;0.0;0.0;0.0;0.0;0.0
2015-10-19;0.0;0.0;0.0;0.0;0.0;0.0;0.0
2015-10-20;0.0;0.0;0.0;0.0;0.0;0.0;0.0
2015-10-21;0.0;0.0;0.0;0.0;0.0;0.0;0.0
2015-10-22;0.0;0.0;0.0;0.0;0.0;0.0;0.0
2015-10-23;0.0;0.0;0.0;0.0;0.0;0.0;0.0
2015-10-24;0.0;0.0;0.0;0.0;0.0;0.0;0.0
2015-10-25;0.0;0.0;0.0;0.0;0.0;0.0;0.0
2015-10-26;0.0;0.0;0.0;0.0;0.0;0.0;0.0
2015-10-27;0.0;0.0;0.0;0.0;0.0;0.0;0.0
2015-10-28;0.0;0.0;0.0;0.0;0.0;0.0;0.0
2015-10-29;0.0;0.0;0.0;0.0;0.0;0.0;0.0
2015-10-30;0.0;0.0;0.0;0.0;0.0;0.0;0.0
2015-10-31;0.0;0.0;0.0;0.0;0.0;0.0;0.0
2015-11-01;0.0;0.0;0.0;0.0;0.0;0.0;0.0
2015-11-02;0.0;0.0;0.0;0.0;0.0;0.0;0.0
2015-11-03;0.0;0.0;0.0;0.0;0.0;0.0;0.0
2015-11-04;0.0;0.0;0.0;0.0;0.0;0.0;0.0
2015-11-05;0.0;0.0;0.0;0.0;0.0;0.0;0.0
2015-11-06;0.0;0.0;0.0;0.0;0.0;0.0;0.0
2015-11-07;0.0;0.0;0.0;0.0;0.0;0.0;0.0
2015-11-08;0.0;0.0;0.0;0.0;0.0;0.0;0.0
2015-11-09;0.0;0.0;0.0;0.0;0.0;0.0;0.0
2015-11-10;0.0;0.0;0.0;0.0;0.0;0.0;0.0
2015-11-11;0.0;0.0;0.0;0.0;0.0;0.0;0.0
2015-11-12;0.0;0.0;0.0;0.0;0.0;0.0;0.0
2015-11-13;0.0;0.0;0.0;0.0;0.0;0.0;0.0
2015-11-14;0.0;0.0;0.0;0.0;0.0;0.0;0.0
2015-11-15;0.0;0.0;0.0;0.0;0.0;0.0;0.0
2015-11-16;0.0;0.0;0.0;0.0;0.0;0.0;0.0
2015-11-17;0.0;0.0;0.0;0.0;0.0;0.0;0.0
2015-11-18;0.0;0.0;0.0;0.0;0.0;0.0;0.0
2015-11-19;0.0;0.0;0.0;0.0;0.0;0.0;0.0
2015-11-20;0.0;0.0;0.0;0.0;0.0;0.0;0.0
2015-11-21;0.0;0.0;0.0;0.0;0.0;0.0;0.0
2015-11-22;0.0;0.0;0.0;0.0;0.0;0.0;0.0
2015-11-23;0.0;0.0;0.0;0.0;0.0;0.0;0.0
2015-11-24;0.0;0.0;0.0;0.0;0.0;0.0;0.0
2015-11-25;0.0;0.0;0.0;0.0;0.0;0.0;0.0
2015-11-26;0.0;0.0;0.0;0.0;0.0;0.0;0.0
2015-11-27;0.0;0.0;0.0;0.0;0.0;0.0;0.0
2015-11-28;0.0;0.0;0.0;0.0;0.0;0.0;0.0
2015-11-29;0.0;0.0;0.0;0.0;0.0;0.0;0.0
2015-11-30;0.0;0.0;0.0;0.0;0.0;0.0;0.0
2015-12-01;0.0;0.0;0.0;0.0;0.0;0.0;0.0
2015-12-02;0.0;0.0;0.0;0.0;0.0;0.0;0.0
2015-12-03;0.0;0.0;0.0;0.0;0.0;0.0;0.0
2015-12-04;0.0;0.0;0.0;0.0;0.0;0.0;0.0
2015-12-05;0.0;0.0;0.0;0.0;0.0;0.0;0.0
2015-12-06;0.0;0.0;0.0;0.0;0.0;0.0;0.0
2015-12-07;0.0;0.0;0.0;0.0;0.0;0.0;0.0
2015-12-08;0.0;0.0;0.0;0.0;0.0;0.0;0.0
2015-12-09;0.0;0.0;0.0;0.0;0.0;0.0;0.0
2015-12-10;0.0;0.0;0.0;0.0;0.0;0.0;0.0
2015-12-11;0.0;0.0;0.0;0.0;0.0;0.0;0.0
2015-12-12;0.0;0.0;0.0;0.0;0.0;0.0;0.0
2015-12-13;0.0;0.0;0.0;0.0;0.0;0.0;0.0
2015-12-14;0.0;0.0;0.0;0.0;0.0;0.0;0.0
2015-12-15;0.0;0.0;0.0;0.0;0.0;0.0;0.0
2015-12-16;0.0;0.0;0.0;0.0;0.0;0.0;0.0
2015-12-17;0.0;0.0;0.0;0.0;0.0;0.0;0.0
2015-12-18;0.0;0.0;0.0;0.0;0.0;0.0;0.0
2015-12-19;0.0;0.0;0.0;0.0;0.0;0.0;0.0
2015-12-20;0.0;0.0;0.0;0.0;0.0;0.0;0.0
2015-12-21;0.0;0.0;0.0;0.0;0.0;0.0;0.0
2015-12-22;0.0;0.0;0.0;0.0;0.0;0.0;0.0
2015-12-23;0.0;0.0;0.0;0.0;0.0;0.0;0.0
2015-12-24;0.0;0.0;0.0;0.0;0.0;0.0;0.0
2015-12-25;0.0;0.0;0.0;0.0;0.0;0.0;0.0
2015-12-26;0.0;0.0;0.0;0.0;0.0;0.0;0.0
2015-12-27;0.0;0.0;0.0;0.0;0.0;0.0;0.0
2015-12-28;0.0;0.0;0.0;0.0;0.0;0.0;0.0
2015-12-29;0.0;0.0;0.0;0.0;0.0;0.0;0.0
2015-12-30;0.0;0.0;0.0;0.0;0.0;0.0;0.0
2015-12-31;0.0;0.0;0.0;0.0;0.0;0.0;0.0
2016-01-01;0.0;0.0;0.0;0.0;0.0;0.0;0.0
2016-01-02;0.0;0.0;0.0;0.0;0.0;0.0;0.0
2016-01-03;0.0;0.0;0.0;0.0;0.0;0.0;0.0
2016-01-04;0.0;0.0;0.0;0.0;0.0;0.0;0.0
2016-01-05;0.0;0.0;0.0;0.0;0.0;0.0;0.0
2016-01-06;0.0;0.0;0.0;0.0;0.0;0.0;0.0
2016-01-07;0.0;0.0;0.0;0.0;0.0;0.0;0.0
2016-01-08;0.0;0.0;0.0;0.0;0.0;0.0;0.0
2016-01-09;0.0;0.0;0.0;0.0;0.0;0.0;0.0
2016-01-10;0.0;0.0;0.0;0.0;0.0;0.0;0.0
2016-01-11;0.0;0.0;0.0;0.0;0.0;0.0;0.0
2016-01-12;0.0;0.0;0.0;0.0;0.0;0.0;0.0
2016-01-13;0.0;0.0;0.0;0.0;0.0;0.0;0.0
2016-01-14;0.0;0.0;0.0;0.0;0.0;0.0;0.0
2016-01-15;0.0;0.0;0.0;0.0;0.0;0.0;0.0
2016-01-16;0.0;0.0;0.0;0.0;0.0;0.0;0.0
2016-01-17;0.0;0.0;0.0;0.0;0.0;0.0;0.0
2016-01-18;0.0;0.0;0.0;0.0;0.0;0.0;0.0
2016-01-19;0.0;0.0;0.0;0.0;0.0;0.0;0.0
2016-01-20;0.0;0.0;0.0;0.0;0.0;0.0;0.0
2016-01-21;0.0;0.0;0.0;0.0;0.0;0.0;0.0
2016-01-22;0.0;0.0;0.0;0.0;0.0;0.0;0.0
2016-01-23;0.0;0.0;0.0;0.0;0.0;0.0;0.0
2016-01-24;0.0;0.0;0.0;0.0;0.0;0.0;0.0
2016-01-25;0.0;0.0;0.0;0.0;0.0;0.0;0.0
2016-01-26;0.0;0.0;0.0;0.0;0.0;0.0;0.0
2016-01-27;0.0;0.0;0.0;0.0;0.0;0.0;0.0
2016-01-28;0.0;0.0;0.0;0.0;0.0;0.0;0.0
2016-01-29;0.0;0.0;0.0;0.0;0.0;0.0;0.0
2016-01-30;0.0;0.0;0.0;0.0;0.0;0.0;0.0
2016-01-31;0.0;0.0;0.0;0.0;0.0;0.0;0.0
2016-02-01;0.0;0.0;0.0;0.0;0.0;0.0;0.0
2016-02-02;0.0;0.0;0.0;0.0;0.0;0.0;0.0
2016-02-03;0.0;0.0;0.0;0.0;0.0;0.0;0.0
2016-02-04;0.0;0.0;0.0;0.0;0.0;0.0;0.0
2016-02-05;0.0;0.0;0.0;0.0;0.0;0.0;0.0
2016-02-06;0.0;0.0;0.0;0.0;0.0;0.0;0.0
2016-02-07;0.0;0.0;0.0;0.0;0.0;0.0;0.0
2016-02-08;0.0;0.0;0.0;0.0;0.0;0.0;0.0
2016-02-09;0.0;0.0;0.0;0.0;0.0;0.0;0.0
2016-02-10;0.0;0.0;0.0;0.0;0.0;0.0;0.0
2016-02-11;0.0;0.0;0.0;0.0;0.0;0.0;0.0
2016-02-12;0.0;0.0;0.0;0.0;0.0;0.0;0.0
2016-02-13;0.0;0.0;0.0;0.0;0.0;0.0;0.0
2016-02-14;0.0;0.0;0.0;0.0;0.0;0.0;0.0
2016-02-15;0.0;0.0;0.0;0.0;0.0;0.0;0.0
2016-02-16;0.0;0.0;0.0;0.0;0.0;0.0;0.0
2016-02-17;0.0;0.0;0.0;0.0;0.0;0.0;0.0
2016-02-18;0.0;0.0;0.0;0.0;0.0;0.0;0.0
2016-02-19;0.0;0.0;0.0;0.0;0.0;0.0;0.0
2016-02-20;0.0;0.0;0.0;0.0;0.0;0.0;0.0
2016-02-21;0.0;0.0;0.0;0.0;0.0;0.0;0.0
2016-02-22;0.0;0.0;0.0;0.0;0.0;0.0;0.0
2016-02-23;0.0;0.0;0.0;0.0;0.0;0.0;0.0
2016-02-24;0.0;0.0;0.0;0.0;0.0;0.0;0.0
2016-02-25;0.0;0.0;0.0;0.0;0.0;0.0;0.0
2016-02-26;0.0;0.0;0.0;0.0;0.0;0.0;0.0
2016-02-27;0.0;0.0;0.0;0.0;0.0;0.0;0.0
2016-02-28;0.0;0.0;0.0;0.0;0.0;0.0;0.0
2016-02-29;0.0;0.0;0.0;0.0;0.0;0.0;0.0
2016-03-01;0.0;0.0;0.0;0.0;0.0;0.0;0.0
2016-03-02;0.0;0.0;0.0;0.0;0.0;0.0;0.0
2016-03-03;0.0;0.0;0.0;0.0;0.0;0.0;0.0
2016-03-04;0.0;0.0;0.0;0.0;0.0;0.0;0.0
2016-03-05;0.0;0.0;0.0;0.0;0.0;0.0;0.0
2016-03-06;0.0;0.0;0.0;0.0;0.0;0.0;0.0
2016-03-07;0.0;0.0;0.0;0.0;0.0;0.0;0.0
2016-03-08;0.0;0.0;0.0;0.0;0.0;0.0;0.0
2016-03-09;0.0;0.0;0.0;0.0;0.0;0.0;0.0
2016-03-10;0.0;0.0;0.0;0.0;0.0;0.0;0.0
2016-03-11;0.0;0.0;0.0;0.0;0.0;0.0;0.0
2016-03-12;0.0;0.0;0.0;0.0;0.0;0.0;0.0
2016-03-13;0.0;0.0;0.0;0.0;0.0;0.0;0.0
2016-03-14;0.0;0.0;0.0;0.0;0.0;0.0;0.0
2016-03-15;0.0;0.0;0.0;0.0;0.0;0.0;0.0
2016-03-16;0.0;0.0;0.0;0.0;0.0;0.0;0.0
2016-03-17;0.0;0.0;0.0;0.0;0.0;0.0;0.0
2016-03-18;0.0;0.0;0.0;0.0;0.0;0.0;0.0
2016-03-19;0.0;0.0;0.0;0.0;0.0;0.0;0.0
2016-03-20;0.0;0.0;0.0;0.0;0.0;0.0;0.0
2016-03-21;0.0;0.0;0.0;0.0;0.0;0.0;0.0
2016-03-22;0.0;0.0;0.0;0.0;0.0;0.0;0.0
2016-03-23;0.0;0.0;0.0;0.0;0.0;0.0;0.0
2016-03-24;0.0;0.0;0.0;0.0;0.0;0.0;0.0
2016-03-25;0.0;0.0;0.0;0.0;0.0;0.0;0.0
2016-03-26;0.0;0.0;0.0;0.0;0.0;0.0;0.0
2016-03-27;0.0;0.0;0.0;0.0;0.0;0.0;0.0
2016-03-28;0.0;0.0;0.0;0.0;0.0;0.0;0.0
2016-03-29;0.0;0.0;0.0;0.0;0.0;0.0;0.0
2016-03-30;0.0;0.0;0.0;0.0;0.0;0.0;0.0
2016-03-31;0.0;0.0;0.0;0.0;0.0;0.0;0.0
2016-04-01;0.0;0.0;0.0;0.0;0.0;0.0;0.0
2016-04-02;0.0;0.0;0.0;0.0;0.0;0.0;0.0
2016-04-03;0.0;0.0;0.0;0.0;0.0;0.0;0.0
2016-04-04;0.0;0.0;0.0;0.0;0.0;0.0;0.0
2016-04-05;0.0;0.0;0.0;0.0;0.0;0.0;0.0
2016-04-06;0.0;0.0;0.0;0.0;0.0;0.0;0.0
2016-04-07;0.0;0.0;0.0;0.0;0.0;0.0;0.0
2016-04-08;0.0;0.0;0.0;0.0;0.0;0.0;0.0
2016-04-09;0.0;0.0;0.0;0.0;0.0;0.0;0.0
2016-04-10;0.0;0.0;0.0;0.0;0.0;0.0;0.0
2016-04-11;0.0;0.0;0.0;0.0;0.0;0.0;0.0
2016-04-12;0.0;0.0;0.0;0.0;0.0;0.0;0.0
2016-04-13;0.0;0.0;0.0;0.0;0.0;0.0;0.0
2016-04-14;0.0;0.0;0.0;0.0;0.0;0.0;0.0
2016-04-15;0.0;0.0;0.0;0.0;0.0;0.0;0.0
2016-04-16;0.0;0.0;0.0;0.0;0.0;0.0;0.0
2016-04-17;0.0;0.0;0.0;0.0;0.0;0.0;0.0
2016-04-18;0.0;0.0;0.0;0.0;0.0;0.0;0.0
2016-04-19;0.0;0.0;0.0;0.0;0.0;0.0;0.0
2016-04-20;0.0;0.0;0.0;0.0;0.0;0.0;0.0
2016-04-21;0.0;0.0;0.0;0.0;0.0;0.0;0.0
2016-04-22;0.0;0.0;0.0;0.0;0.0;0.0;0.0
2016-04-23;0.0;0.0;0.0;0.0;0.0;0.0;0.0
2016-04-24;0.0;0.0;0.0;0.0;0.0;0.0;0.0
2016-04-25;0.0;0.0;0.0;0.0;0.0;0.0;0.0
2016-04-26;0.0;0.0;0.0;0.0;0.0;0.0;0.0
2016-04-27;0.0;0.0;0.0;0.0;0.0;0.0;0.0
2016-04-28;0.0;0.0;0.0;0.0;0.0;0.0;0.0
2016-04-29;0.0;0.0;0.0;0.0;0.0;0.0;0.0
2016-04-30;0.0;0.0;0.0;0.0;0.0;0.0;0.0
2016-05-01;0.0;0.0;0.0;0.0;0.0;0.0;0.0
2016-05-02;0.0;0.0;0.0;0.0;0.0;0.0;0.0
2016-05-03;0.0;0.0;0.0;0.0;0.0;0.0;0.0
2016-05-04;0.0;0.0;0.0;0.0;0.0;0.0;0.0
2016-05-05;0.0;0.0;0.0;0.0;0.0;0.0;0.0
2016-05-06;0.0;0.0;0.0;0.0;0.0;0.0;0.0
2016-05-07;0.0;0.0;0.0;0.0;0.0;0.0;0.0
2016-05-08;0.0;0.0;0.0;0.0;0.0;0.0;0.0
2016-05-09;0.0;0.0;0.0;0.0;0.0;0.0;0.0
2016-05-10;0.0;0.0;0.0;0.0;0.0;0.0;0.0
2016-05-11;0.0;0.0;0.0;0.0;0.0;0.0;0.0
2016-05-12;0.0;0.0;0.0;0.0;0.0;0.0;0.0
2016-05-13;0.0;0.0;0.0;0.0;0.0;0.0;0.0
2016-05-14;0.0;0.0;0.0;0.0;0.0;0.0;0.0
2016-05-15;0.0;0.0;0.0;0.0;0.0;0.0;0.0
2016-05-16;0.0;0.0;0.0;0.0;0.0;0.0;0.0
2016-05-17;0.0;0.0;0.0;0.0;0.0;0.0;0.0
2016-05-18;0.0;0.0;0.0;0.0;0.0;0.0;0.0
2016-05-19;0.0;0.0;0.0;0.0;0.0;0.0;0.0
2016-05-20;0.0;0.0;0.0;0.0;0.0;0.0;0.0
2016-05-21;0.0;0.0;0.0;0.0;0.0;0.0;0.0
2016-05-22;0.0;0.0;0.0;0.0;0.0;0.0;0.0
2016-05-23;0.0;0.0;0.0;0.0;0.0;0.0;0.0
2016-05-24;0.0;0.0;0.0;0.0;0.0;0.0;0.0
2016-05-25;0.0;0.0;0.0;0.0;0.0;0.0;0.0
2016-05-26;0.0;0.0;0.0;0.0;0.0;0.0;0.0
2016-05-27;0.0;0.0;0.0;0.0;0.0;0.0;0.0
2016-05-28;0.0;0.0;0.0;0.0;0.0;0.0;0.0
2016-05-29;0.0;0.0;0.0;0.0;0.0;0.0;0.0
2016-05-30;0.0;0.0;0.0;0.0;0.0;0.0;0.0
2016-05-31;0.0;0.0;0.0;0.0;0.0;0.0;0.0
2016-06-01;0.0;0.0;0.0;0.0;0.0;0.0;0.0
2016-06-02;0.0;0.0;0.0;0.0;0.0;0.0;0.0
2016-06-03;0.0;0.0;0.0;0.0;0.0;0.0;0.0
2016-06-04;0.0;0.0;0.0;0.0;0.0;0.0;0.0
2016-06-05;0.0;0.0;0.0;0.0;0.0;0.0;0.0
2016-06-06;0.0;0.0;0.0;0.0;0.0;0.0;0.0
2016-06-07;0.0;0.0;0.0;0.0;0.0;0.0;0.0
2016-06-08;0.0;0.0;0.0;0.0;0.0;0.0;0.0
2016-06-09;0.0;0.0;0.0;0.0;0.0;0.0;0.0
2016-06-10;0.0;0.0;0.0;0.0;0.0;0.0;0.0
2016-06-11;0.0;0.0;0.0;0.0;0.0;0.0;0.0
2016-06-12;0.0;0.0;0.0;0.0;0.0;0.0;0.0
2016-06-13;0.0;0.0;0.0;0.0;0.0;0.0;0.0
2016-06-14;0.0;0.0;0.0;0.0;0.0;0.0;0.0
2016-06-15;0.0;0.0;0.0;0.0;0.0;0.0;0.0
2016-06-16;0.0;0.0;0.0;0.0;0.0;0.0;0.0
2016-06-17;0.0;0.0;0.0;0.0;0.0;0.0;0.0
2016-06-18;0.0;0.0;0.0;0.0;0.0;0.0;0.0
2016-06-19;0.0;0.0;0.0;0.0;0.0;0.0;0.0
2016-06-20;0.0;0.0;0.0;0.0;0.0;0.0;0.0
2016-06-21;0.0;0.0;0.0;0.0;0.0;0.0;0.0
2016-06-22;0.0;0.0;0.0;0.0;0.0;0.0;0.0
2016-06-23;0.0;0.0;0.0;0.0;0.0;0.0;0.0
2016-06-24;0.0;0.0;0.0;0.0;0.0;0.0;0.0
2016-06-25;0.0;0.0;0.0;0.0;0.0;0.0;0.0
2016-06-26;0.0;0.0;0.0;0.0;0.0;0.0;0.0
2016-06-27;0.0;0.0;0.0;0.0;0.0;0.0;0.0
2016-06-28;0.0;0.0;0.0;0.0;0.0;0.0;0.0
2016-06-29;0.0;0.0;0.0;0.0;0.0;0.0;0.0
2016-06-30;0.0;0.0;0.0;0.0;0.0;0.0;0.0
2016-07-01;0.0;0.0;0.0;0.0;0.0;0.0;0.0
2016-07-02;0.0;0.0;0.0;0.0;0.0;0.0;0.0
2016-07-03;0.0;0.0;0.0;0.0;0.0;0.0;0.0
2016-07-04;0.0;0.0;0.0;0.0;0.0;0.0;0.0
2016-07-05;0.0;0.0;0.0;0.0;0.0;0.0;0.0
2016-07-06;0.0;0.0;0.0;0.0;0.0;0.0;0.0
2016-07-07;0.0;0.0;0.0;0.0;0.0;0.0;0.0
2016-07-08;0.0;0.0;0.0;0.0;0.0;0.0;0.0
2016-07-09;0.0;0.0;0.0;0.0;0.0;0.0;0.0
2016-07-10;0.0;0.0;0.0;0.0;0.0;0.0;0.0
2016-07-11;0.0;0.0;0.0;0.0;0.0;0.0;0.0
2016-07-12;0.0;0.0;0.0;0.0;0.0;0.0;0.0
2016-07-13;0.0;0.0;0.0;0.0;0.0;0.0;0.0
2016-07-14;0.0;0.0;0.0;0.0;0.0;0.0;0.0
2016-07-15;0.0;0.0;0.0;0.0;0.0;0.0;0.0
2016-07-16;0.0;0.0;0.0;0.0;0.0;0.0;0.0
2016-07-17;0.0;0.0;0.0;0.0;0.0;0.0;0.0
2016-07-18;0.0;0.0;0.0;0.0;0.0;0.0;0.0
2016-07-19;0.0;0.0;0.0;0.0;0.0;0.0;0.0
2016-07-20;0.0;0.0;0.0;0.0;0.0;0.0;0.0
2016-07-21;0.0;0.0;0.0;0.0;0.0;0.0;0.0
2016-07-22;0.0;0.0;0.0;0.0;0.0;0.0;0.0
2016-07-23;0.0;0.0;0.0;0.0;0.0;0.0;0.0
2016-07-24;0.0;0.0;0.0;0.0;0.0;0.0;0.0
2016-07-25;0.0;0.0;0.0;0.0;0.0;0.0;0.0
2016-07-26;0.0;0.0;0.0;0.0;0.0;0.0;0.0
2016-07-27;0.0;0.0;0.0;0.0;0.0;0.0;0.0
2016-07-28;0.0;0.0;0.0;0.0;0.0;0.0;0.0
2016-07-29;0.0;0.0;0.0;0.0;0.0;0.0;0.0
2016-07-30;0.0;0.0;0.0;0.0;0.0;0.0;0.0
2016-07-31;0.0;0.0;0.0;0.0;0.0;0.0;0.0
2016-08-01;0.0;0.0;0.0;0.0;0.0;0.0;0.0
2016-08-02;0.0;0.0;0.0;0.0;0.0;0.0;0.0
2016-08-03;0.0;0.0;0.0;0.0;0.0;0.0;0.0
2016-08-04;0.0;0.0;0.0;0.0;0.0;0.0;0.0
2016-08-05;0.0;0.0;0.0;0.0;0.0;0.0;0.0
2016-08-06;0.0;0.0;0.0;0.0;0.0;0.0;0.0
2016-08-07;0.0;0.0;0.0;0.0;0.0;0.0;0.0
2016-08-08;0.0;0.0;0.0;0.0;0.0;0.0;0.0
2016-08-09;0.0;0.0;0.0;0.0;0.0;0.0;0.0
2016-08-10;0.0;0.0;0.0;0.0;0.0;0.0;0.0
2016-08-11;0.0;0.0;0.0;0.0;0.0;0.0;0.0
2016-08-12;0.0;0.0;0.0;0.0;0.0;0.0;0.0
2016-08-13;0.0;0.0;0.0;0.0;0.0;0.0;0.0
2016-08-14;0.0;0.0;0.0;0.0;0.0;0.0;0.0
2016-08-15;0.0;0.0;0.0;0.0;0.0;0.0;0.0
2016-08-16;0.0;0.0;0.0;0.0;0.0;0.0;0.0
2016-08-17;0.0;0.0;0.0;0.0;0.0;0.0;0.0
2016-08-18;0.0;0.0;0.0;0.0;0.0;0.0;0.0
2016-08-19;0.0;0.0;0.0;0.0;0.0;0.0;0.0
2016-08-20;0.0;0.0;0.0;0.0;0.0;0.0;0.0
2016-08-21;0.0;0.0;0.0;0.0;0.0;0.0;0.0
2016-08-22;0.0;0.0;0.0;0.0;0.0;0.0;0.0
2016-08-23;0.0;0.0;0.0;0.0;0.0;0.0;0.0
2016-08-24;0.0;0.0;0.0;0.0;0.0;0.0;0.0
2016-08-25;0.0;0.0;0.0;0.0;0.0;0.0;0.0
2016-08-26;0.0;0.0;0.0;0.0;0.0;0.0;0.0
2016-08-27;0.0;0.0;0.0;0.0;0.0;0.0;0.0
2016-08-28;0.0;0.0;0.0;0.0;0.0;0.0;0.0
2016-08-29;0.0;0.0;0.0;0.0;0.0;0.0;0.0
2016-08-30;0.0;0.0;0.0;0.0;0.0;0.0;0.0
2016-08-31;0.0;0.0;0.0;0.0;0.0;0.0;0.0
2016-09-01;0.0;0.0;0.0;0.0;0.0;0.0;0.0
2016-09-02;0.0;0.0;0.0;0.0;0.0;0.0;0.0
2016-09-03;0.0;0.0;0.0;0.0;0.0;0.0;0.0
2016-09-04;0.0;0.0;0.0;0.0;0.0;0.0;0.0
2016-09-05;0.0;0.0;0.0;0.0;0.0;0.0;0.0
2016-09-06;0.0;0.0;0.0;0.0;0.0;0.0;0.0
2016-09-07;0.0;0.0;0.0;0.0;0.0;0.0;0.0
2016-09-08;0.0;0.0;0.0;0.0;0.0;0.0;0.0
2016-09-09;0.0;0.0;0.0;0.0;0.0;0.0;0.0
2016-09-10;0.0;0.0;0.0;0.0;0.0;0.0;0.0
2016-09-11;0.0;0.0;0.0;0.0;0.0;0.0;0.0
2016-09-12;0.0;0.0;0.0;0.0;0.0;0.0;0.0
2016-09-13;0.0;0.0;0.0;0.0;0.0;0.0;0.0
2016-09-14;0.0;0.0;0.0;0.0;0.0;0.0;0.0
2016-09-15;0.0;0.0;0.0;0.0;0.0;0.0;0.0
2016-09-16;0.0;0.0;0.0;0.0;0.0;0.0;0.0
2016-09-17;0.0;0.0;0.0;0.0;0.0;0.0;0.0
2016-09-18;0.0;0.0;0.0;0.0;0.0;0.0;0.0
2016-09-19;0.0;0.0;0.0;0.0;0.0;0.0;0.0
2016-09-20;0.0;0.0;0.0;0.0;0.0;0.0;0.0
2016-09-21;0.0;0.0;0.0;0.0;0.0;0.0;0.0
2016-09-22;0.0;0.0;0.0;0.0;0.0;0.0;0.0
2016-09-23;0.0;0.0;0.0;0.0;0.0;0.0;0.0
2016-09-24;0.0;0.0;0.0;0.0;0.0;0.0;0.0
2016-09-25;0.0;0.0;0.0;0.0;0.0;0.0;0.0
2016-09-26;0.0;0.0;0.0;0.0;0.0;0.0;0.0
2016-09-27;0.0;0.0;0.0;0.0;0.0;0.0;0.0
2016-09-28;0.0;0.0;0.0;0.0;0.0;0.0;0.0
2016-09-29;0.0;0.0;0.0;0.0;0.0;0.0;0.0
2016-09-30;0.0;0.0;0.0;0.0;0.0;0.0;0.0
2016-10-01;0.0;0.0;0.0;0.0;0.0;0.0;0.0
2016-10-02;0.0;0.0;0.0;0.0;0.0;0.0;0.0
2016-10-03;0.0;0.0;0.0;0.0;0.0;0.0;0.0
2016-10-04;0.0;0.0;0.0;0.0;0.0;0.0;0.0
2016-10-05;0.0;0.0;0.0;0.0;0.0;0.0;0.0
2016-10-06;0.0;0.0;0.0;0.0;0.0;0.0;0.0
2016-10-07;0.0;0.0;0.0;0.0;0.0;0.0;0.0
2016-10-08;0.0;0.0;0.0;0.0;0.0;0.0;0.0
2016-10-09;0.0;0.0;0.0;0.0;0.0;0.0;0.0
2016-10-10;0.0;0.0;0.0;0.0;0.0;0.0;0.0
2016-10-11;0.0;0.0;0.0;0.0;0.0;0.0;0.0
2016-10-12;0.0;0.0;0.0;0.0;0.0;0.0;0.0
2016-10-13;0.0;0.0;0.0;0.0;0.0;0.0;0.0
2016-10-14;0.0;0.0;0.0;0.0;0.0;0.0;0.0
2016-10-15;0.0;0.0;0.0;0.0;0.0;0.0;0.0
2016-10-16;0.0;0.0;0.0;0.0;0.0;0.0;0.0
2016-10-17;0.0;0.0;0.0;0.0;0.0;0.0;0.0
2016-10-18;0.0;0.0;0.0;0.0;0.0;0.0;0.0
2016-10-19;0.0;0.0;0.0;0.0;0.0;0.0;0.0
2016-10-20;0.0;0.0;0.0;0.0;0.0;0.0;0.0
2016-10-21;0.0;0.0;0.0;0.0;0.0;0.0;0.0
2016-10-22;0.0;0.0;0.0;0.0;0.0;0.0;0.0
2016-10-23;0.0;0.0;0.0;0.0;0.0;0.0;0.0
2016-10-24;0.0;0.0;0.0;0.0;0.0;0.0;0.0
2016-10-25;0.0;0.0;0.0;0.0;0.0;0.0;0.0
2016-10-26;0.0;0.0;0.0;0.0;0.0;0.0;0.0
2016-10-27;0.0;0.0;0.0;0.0;0.0;0.0;0.0
2016-10-28;0.0;0.0;0.0;0.0;0.0;0.0;0.0
2016-10-29;0.0;0.0;0.0;0.0;0.0;0.0;0.0
2016-10-30;0.0;0.0;0.0;0.0;0.0;0.0;0.0
2016-10-31;0.0;0.0;0.0;0.0;0.0;0.0;0.0
2016-11-01;0.0;0.0;0.0;0.0;0.0;0.0;0.0
2016-11-02;0.0;0.0;0.0;0.0;0.0;0.0;0.0
2016-11-03;0.0;0.0;0.0;0.0;0.0;0.0;0.0
2016-11-04;0.0;0.0;0.0;0.0;0.0;0.0;0.0
2016-11-05;0.0;0.0;0.0;0.0;0.0;0.0;0.0
2016-11-06;0.0;0.0;0.0;0.0;0.0;0.0;0.0
2016-11-07;0.0;0.0;0.0;0.0;0.0;0.0;0.0
2016-11-08;0.0;0.0;0.0;0.0;0.0;0.0;0.0
2016-11-09;0.0;0.0;0.0;0.0;0.0;0.0;0.0
2016-11-10;0.0;0.0;0.0;0.0;0.0;0.0;0.0
2016-11-11;0.0;0.0;0.0;0.0;0.0;0.0;0.0
2016-11-12;0.0;0.0;0.0;0.0;0.0;0.0;0.0
2016-11-13;0.0;0.0;0.0;0.0;0.0;0.0;0.0
2016-11-14;0.0;0.0;0.0;0.0;0.0;0.0;0.0
2016-11-15;0.0;0.0;0.0;0.0;0.0;0.0;0.0
2016-11-16;0.0;0.0;0.0;0.0;0.0;0.0;0.0
2016-11-17;0.0;0.0;0.0;0.0;0.0;0.0;0.0
2016-11-18;0.0;0.0;0.0;0.0;0.0;0.0;0.0
2016-11-19;0.0;0.0;0.0;0.0;0.0;0.0;0.0
2016-11-20;0.0;0.0;0.0;0.0;0.0;0.0;0.0
2016-11-21;0.0;0.0;0.0;0.0;0.0;0.0;0.0
2016-11-22;0.0;0.0;0.0;0.0;0.0;0.0;0.0
2016-11-23;0.0;0.0;0.0;0.0;0.0;0.0;0.0
2016-11-24;0.0;0.0;0.0;0.0;0.0;0.0;0.0
2016-11-25;0.0;0.0;0.0;0.0;0.0;0.0;0.0
2016-11-26;0.0;0.0;0.0;0.0;0.0;0.0;0.0
2016-11-27;0.0;0.0;0.0;0.0;0.0;0.0;0.0
2016-11-28;0.0;0.0;0.0;0.0;0.0;0.0;0.0
2016-11-29;0.0;0.0;0.0;0.0;0.0;0.0;0.0
2016-11-30;0.0;0.0;0.0;0.0;0.0;0.0;0.0
2016-12-01;0.0;0.0;0.0;0.0;0.0;0.0;0.0
2016-12-02;0.0;0.0;0.0;0.0;0.0;0.0;0.0
2016-12-03;0.0;0.0;0.0;0.0;0.0;0.0;0.0
2016-12-04;0.0;0.0;0.0;0.0;0.0;0.0;0.0
2016-12-05;0.0;0.0;0.0;0.0;0.0;0.0;0.0
2016-12-06;0.0;0.0;0.0;0.0;0.0;0.0;0.0
2016-12-07;0.0;0.0;0.0;0.0;0.0;0.0;0.0
2016-12-08;0.0;0.0;0.0;0.0;0.0;0.0;0.0
2016-12-09;0.0;0.0;0.0;0.0;0.0;0.0;0.0
2016-12-10;0.0;0.0;0.0;0.0;0.0;0.0;0.0
2016-12-11;0.0;0.0;0.0;0.0;0.0;0.0;0.0
2016-12-12;0.0;0.0;0.0;0.0;0.0;0.0;0.0
2016-12-13;0.0;0.0;0.0;0.0;0.0;0.0;0.0
2016-12-14;0.0;0.0;0.0;0.0;0.0;0.0;0.0
2016-12-15;0.0;0.0;0.0;0.0;0.0;0.0;0.0
2016-12-16;0.0;0.0;0.0;0.0;0.0;0.0;0.0
2016-12-17;0.0;0.0;0.0;0.0;0.0;0.0;0.0
2016-12-18;0.0;0.0;0.0;0.0;0.0;0.0;0.0
2016-12-19;0.0;0.0;0.0;0.0;0.0;0.0;0.0
2016-12-20;0.0;0.0;0.0;0.0;0.0;0.0;0.0
2016-12-21;0.0;0.0;0.0;0.0;0.0;0.0;0.0
2016-12-22;0.0;0.0;0.0;0.0;0.0;0.0;0.0
2016-12-23;0.0;0.0;0.0;0.0;0.0;0.0;0.0
2016-12-24;0.0;0.0;0.0;0.0;0.0;0.0;0.0
2016-12-25;0.0;0.0;0.0;0.0;0.0;0.0;0.0
2016-12-26;0.0;0.0;0.0;0.0;0.0;0.0;0.0
2016-12-27;0.0;0.0;0.0;0.0;0.0;0.0;0.0
2016-12-28;0.0;0.0;0.0;0.0;0.0;0.0;0.0
2016-12-29;0.0;0.0;0.0;0.0;0.0;0.0;0.0
2016-12-30;0.0;0.0;0.0;0.0;0.0;0.0;0.0
2016-12-31;0.0;0.0;0.0;0.0;0.0;0.0;0.0
2017-01-01;0.0;0.0;0.0;0.0;0.0;0.0;0.0
2017-01-02;0.0;0.0;0.0;0.0;0.0;0.0;0.0
2017-01-03;0.0;0.0;0.0;0.0;0.0;0.0;0.0
2017-01-04;0.0;0.0;0.0;0.0;0.0;0.0;0.0
2017-01-05;0.0;0.0;0.0;0.0;0.0;0.0;0.0
2017-01-06;0.0;0.0;0.0;0.0;0.0;0.0;0.0
2017-01-07;0.0;0.0;0.0;0.0;0.0;0.0;0.0
2017-01-08;0.0;0.0;0.0;0.0;0.0;0.0;0.0
2017-01-09;0.0;0.0;0.0;0.0;0.0;0.0;0.0
2017-01-10;0.0;0.0;0.0;0.0;0.0;0.0;0.0
2017-01-11;0.0;0.0;0.0;0.0;0.0;0.0;0.0
2017-01-12;0.0;0.0;0.0;0.0;0.0;0.0;0.0
2017-01-13;0.0;0.0;0.0;0.0;0.0;0.0;0.0
2017-01-14;0.0;0.0;0.0;0.0;0.0;0.0;0.0
2017-01-15;0.0;0.0;0.0;0.0;0.0;0.0;0.0
2017-01-16;0.0;0.0;0.0;0.0;0.0;0.0;0.0
2017-01-17;0.0;0.0;0.0;0.0;0.0;0.0;0.0
2017-01-18;0.0;0.0;0.0;0.0;0.0;0.0;0.0
2017-01-19;0.0;0.0;0.0;0.0;0.0;0.0;0.0
2017-01-20;0.0;0.0;0.0;0.0;0.0;0.0;0.0
2017-01-21;0.0;0.0;0.0;0.0;0.0;0.0;0.0
2017-01-22;0.0;0.0;0.0;0.0;0.0;0.0;0.0
2017-01-23;0.0;0.0;0.0;0.0;0.0;0.0;0.0
2017-01-24;0.0;0.0;0.0;0.0;0.0;0.0;0.0
2017-01-25;0.0;0.0;0.0;0.0;0.0;0.0;0.0
2017-01-26;0.0;0.0;0.0;0.0;0.0;0.0;0.0
2017-01-27;0.0;0.0;0.0;0.0;0.0;0.0;0.0
2017-01-28;0.0;0.0;0.0;0.0;0.0;0.0;0.0
2017-01-29;0.0;0.0;0.0;0.0;0.0;0.0;0.0
2017-01-30;0.0;0.0;0.0;0.0;0.0;0.0;0.0
2017-01-31;0.0;0.0;0.0;0.0;0.0;0.0;0.0
2017-02-01;0.0;0.0;0.0;0.0;0.0;0.0;0.0
2017-02-02;0.0;0.0;0.0;0.0;0.0;0.0;0.0
2017-02-03;0.0;0.0;0.0;0.0;0.0;0.0;0.0
2017-02-04;0.0;0.0;0.0;0.0;0.0;0.0;0.0
2017-02-05;0.0;0.0;0.0;0.0;0.0;0.0;0.0
2017-02-06;0.0;0.0;0.0;0.0;0.0;0.0;0.0
2017-02-07;0.0;0.0;0.0;0.0;0.0;0.0;0.0
2017-02-08;0.0;0.0;0.0;0.0;0.0;0.0;0.0
2017-02-09;0.0;0.0;0.0;0.0;0.0;0.0;0.0
2017-02-10;0.0;0.0;0.0;0.0;0.0;0.0;0.0
2017-02-11;0.0;0.0;0.0;0.0;0.0;0.0;0.0
2017-02-12;0.0;0.0;0.0;0.0;0.0;0.0;0.0
2017-02-13;0.0;0.0;0.0;0.0;0.0;0.0;0.0
2017-02-14;0.0;0.0;0.0;0.0;0.0;0.0;0.0
2017-02-15;0.0;0.0;0.0;0.0;0.0;0.0;0.0
2017-02-16;0.0;0.0;0.0;0.0;0.0;0.0;0.0
2017-02-17;0.0;0.0;0.0;0.0;0.0;0.0;0.0
2017-02-18;0.0;0.0;0.0;0.0;0.0;0.0;0.0
2017-02-19;0.0;0.0;0.0;0.0;0.0;0.0;0.0
2017-02-20;0.0;0.0;0.0;0.0;0.0;0.0;0.0
2017-02-21;0.0;0.0;0.0;0.0;0.0;0.0;0.0
2017-02-22;0.0;0.0;0.0;0.0;0.0;0.0;0.0
2017-02-23;0.0;0.0;0.0;0.0;0.0;0.0;0.0
2017-02-24;0.0;0.0;0.0;0.0;0.0;0.0;0.0
2017-02-25;0.0;0.0;0.0;0.0;0.0;0.0;0.0
2017-02-26;0.0;0.0;0.0;0.0;0.0;0.0;0.0
2017-02-27;0.0;0.0;0.0;0.0;0.0;0.0;0.0
2017-02-28;0.0;0.0;0.0;0.0;0.0;0.0;0.0
2017-03-01;0.0;0.0;0.0;0.0;0.0;0.0;0.0
2017-03-02;0.0;0.0;0.0;0.0;0.0;0.0;0.0
2017-03-03;0.0;0.0;0.0;0.0;0.0;0.0;0.0
2017-03-04;0.0;0.0;0.0;0.0;0.0;0.0;0.0
2017-03-05;0.0;0.0;0.0;0.0;0.0;0.0;0.0
2017-03-06;0.0;0.0;0.0;0.0;0.0;0.0;0.0
2017-03-07;0.0;0.0;0.0;0.0;0.0;0.0;0.0
2017-03-08;0.0;0.0;0.0;0.0;0.0;0.0;0.0
2017-03-09;0.0;0.0;0.0;0.0;0.0;0.0;0.0
2017-03-10;0.0;0.0;0.0;0.0;0.0;0.0;0.0
2017-03-11;0.0;0.0;0.0;0.0;0.0;0.0;0.0
2017-03-12;0.0;0.0;0.0;0.0;0.0;0.0;0.0
2017-03-13;0.0;0.0;0.0;0.0;0.0;0.0;0.0
2017-03-14;0.0;0.0;0.0;0.0;0.0;0.0;0.0
2017-03-15;0.0;0.0;0.0;0.0;0.0;0.0;0.0
2017-03-16;0.0;0.0;0.0;0.0;0.0;0.0;0.0
2017-03-17;0.0;0.0;0.0;0.0;0.0;0.0;0.0
2017-03-18;0.0;0.0;0.0;0.0;0.0;0.0;0.0
2017-03-19;0.0;0.0;0.0;0.0;0.0;0.0;0.0
2017-03-20;0.0;0.0;0.0;0.0;0.0;0.0;0.0
2017-03-21;0.0;0.0;0.0;0.0;0.0;0.0;0.0
2017-03-22;0.0;0.0;0.0;0.0;0.0;0.0;0.0
2017-03-23;0.0;0.0;0.0;0.0;0.0;0.0;0.0
2017-03-24;0.0;0.0;0.0;0.0;0.0;0.0;0.0
2017-03-25;0.0;0.0;0.0;0.0;0.0;0.0;0.0
2017-03-26;0.0;0.0;0.0;0.0;0.0;0.0;0.0
2017-03-27;0.0;0.0;0.0;0.0;0.0;0.0;0.0
2017-03-28;0.0;0.0;0.0;0.0;0.0;0.0;0.0
2017-03-29;0.0;0.0;0.0;0.0;0.0;0.0;0.0
2017-03-30;0.0;0.0;0.0;0.0;0.0;0.0;0.0
2017-03-31;0.0;0.0;0.0;0.0;0.0;0.0;0.0
2017-04-01;0.0;0.0;0.0;0.0;0.0;0.0;0.0
2017-04-02;0.0;0.0;0.0;0.0;0.0;0.0;0.0
2017-04-03;0.0;0.0;0.0;0.0;0.0;0.0;0.0
2017-04-04;0.0;0.0;0.0;0.0;0.0;0.0;0.0
2017-04-05;0.0;0.0;0.0;0.0;0.0;0.0;0.0
2017-04-06;0.0;0.0;0.0;0.0;0.0;0.0;0.0
2017-04-07;0.0;0.0;0.0;0.0;0.0;0.0;0.0
2017-04-08;0.0;0.0;0.0;0.0;0.0;0.0;0.0
2017-04-09;0.0;0.0;0.0;0.0;0.0;0.0;0.0
2017-04-10;0.0;0.0;0.0;0.0;0.0;0.0;0.0
2017-04-11;0.0;0.0;0.0;0.0;0.0;0.0;0.0
2017-04-12;0.0;0.0;0.0;0.0;0.0;0.0;0.0
2017-04-13;0.0;0.0;0.0;0.0;0.0;0.0;0.0
2017-04-14;0.0;0.0;0.0;0.0;0.0;0.0;0.0
2017-04-15;0.0;0.0;0.0;0.0;0.0;0.0;0.0
2017-04-16;0.0;0.0;0.0;0.0;0.0;0.0;0.0
2017-04-17;0.0;0.0;0.0;0.0;0.0;0.0;0.0
2017-04-18;0.0;0.0;0.0;0.0;0.0;0.0;0.0
2017-04-19;0.0;0.0;0.0;0.0;0.0;0.0;0.0
2017-04-20;0.0;0.0;0.0;0.0;0.0;0.0;0.0
2017-04-21;0.0;0.0;0.0;0.0;0.0;0.0;0.0
2017-04-22;0.0;0.0;0.0;0.0;0.0;0.0;0.0
2017-04-23;0.0;0.0;0.0;0.0;0.0;0.0;0.0
2017-04-24;0.0;0.0;0.0;0.0;0.0;0.0;0.0
2017-04-25;0.0;0.0;0.0;0.0;0.0;0.0;0.0
2017-04-26;0.0;0.0;0.0;0.0;0.0;0.0;0.0
2017-04-27;0.0;0.0;0.0;0.0;0.0;0.0;0.0
2017-04-28;0.0;0.0;0.0;0.0;0.0;0.0;0.0
2017-04-29;0.0;0.0;0.0;0.0;0.0;0.0;0.0
2017-04-30;0.0;0.0;0.0;0.0;0.0;0.0;0.0
2017-05-01;0.0;0.0;0.0;0.0;0.0;0.0;0.0
2017-05-02;0.0;0.0;0.0;0.0;0.0;0.0;0.0
2017-05-03;0.0;0.0;0.0;0.0;0.0;0.0;0.0
2017-05-04;0.0;0.0;0.0;0.0;0.0;0.0;0.0
2017-05-05;0.0;0.0;0.0;0.0;0.0;0.0;0.0
2017-05-06;0.0;0.0;0.0;0.0;0.0;0.0;0.0
2017-05-07;0.0;0.0;0.0;0.0;0.0;0.0;0.0
2017-05-08;0.0;0.0;0.0;0.0;0.0;0.0;0.0
2017-05-09;0.0;0.0;0.0;0.0;0.0;0.0;0.0
2017-05-10;0.0;0.0;0.0;0.0;0.0;0.0;0.0
2017-05-11;0.0;0.0;0.0;0.0;0.0;0.0;0.0
2017-05-12;0.0;0.0;0.0;0.0;0.0;0.0;0.0
2017-05-13;0.0;0.0;0.0;0.0;0.0;0.0;0.0
2017-05-14;0.0;0.0;0.0;0.0;0.0;0.0;0.0
2017-05-15;0.0;0.0;0.0;0.0;0.0;0.0;0.0
2017-05-16;0.0;0.0;0.0;0.0;0.0;0.0;0.0
2017-05-17;0.0;0.0;0.0;0.0;0.0;0.0;0.0
2017-05-18;0.0;0.0;0.0;0.0;0.0;0.0;0.0
2017-05-19;0.0;0.0;0.0;0.0;0.0;0.0;0.0
2017-05-20;0.0;0.0;0.0;0.0;0.0;0.0;0.0
2017-05-21;0.0;0.0;0.0;0.0;0.0;0.0;0.0
2017-05-22;0.0;0.0;0.0;0.0;0.0;0.0;0.0
2017-05-23;0.0;0.0;0.0;0.0;0.0;0.0;0.0
2017-05-24;0.0;0.0;0.0;0.0;0.0;0.0;0.0
2017-05-25;0.0;0.0;0.0;0.0;0.0;0.0;0.0
2017-05-26;0.0;0.0;0.0;0.0;0.0;0.0;0.0
2017-05-27;0.0;0.0;0.0;0.0;0.0;0.0;0.0
2017-05-28;0.0;0.0;0.0;0.0;0.0;0.0;0.0
2017-05-29;0.0;0.0;0.0;0.0;0.0;0.0;0.0
2017-05-30;0.0;0.0;0.0;0.0;0.0;0.0;0.0
2017-05-31;0.0;0.0;0.0;0.0;0.0;0.0;0.0
2017-06-01;0.0;0.0;0.0;0.0;0.0;0.0;0.0
2017-06-02;0.0;0.0;0.0;0.0;0.0;0.0;0.0
2017-06-03;0.0;0.0;0.0;0.0;0.0;0.0;0.0
2017-06-04;0.0;0.0;0.0;0.0;0.0;0.0;0.0
2017-06-05;0.0;0.0;0.0;0.0;0.0;0.0;0.0
2017-06-06;0.0;0.0;0.0;0.0;0.0;0.0;0.0
2017-06-07;0.0;0.0;0.0;0.0;0.0;0.0;0.0
2017-06-08;0.0;0.0;0.0;0.0;0.0;0.0;0.0
2017-06-09;0.0;0.0;0.0;0.0;0.0;0.0;0.0
2017-06-10;0.0;0.0;0.0;0.0;0.0;0.0;0.0
2017-06-11;0.0;0.0;0.0;0.0;0.0;0.0;0.0
2017-06-12;0.0;0.0;0.0;0.0;0.0;0.0;0.0
2017-06-13;0.0;0.0;0.0;0.0;0.0;0.0;0.0
2017-06-14;0.0;0.0;0.0;0.0;0.0;0.0;0.0
2017-06-15;0.0;0.0;0.0;0.0;0.0;0.0;0.0
2017-06-16;0.0;0.0;0.0;0.0;0.0;0.0;0.0
2017-06-17;0.0;0.0;0.0;0.0;0.0;0.0;0.0
2017-06-18;0.0;0.0;0.0;0.0;0.0;0.0;0.0
2017-06-19;0.0;0.0;0.0;0.0;0.0;0.0;0.0
2017-06-20;0.0;0.0;0.0;0.0;0.0;0.0;0.0
2017-06-21;0.0;0.0;0.0;0.0;0.0;0.0;0.0
2017-06-22;0.0;0.0;0.0;0.0;0.0;0.0;0.0
2017-06-23;0.0;0.0;0.0;0.0;0.0;0.0;0.0
2017-06-24;0.0;0.0;0.0;0.0;0.0;0.0;0.0
2017-06-25;0.0;0.0;0.0;0.0;0.0;0.0;0.0
2017-06-26;0.0;0.0;0.0;0.0;0.0;0.0;0.0
2017-06-27;0.0;0.0;0.0;0.0;0.0;0.0;0.0
2017-06-28;0.0;0.0;0.0;0.0;0.0;0.0;0.0
2017-06-29;0.0;0.0;0.0;0.0;0.0;0.0;0.0
2017-06-30;0.0;0.0;0.0;0.0;0.0;0.0;0.0
2017-07-01;0.0;0.0;0.0;0.0;0.0;0.0;0.0
2017-07-02;0.0;0.0;0.0;0.0;0.0;0.0;0.0
2017-07-03;0.0;0.0;0.0;0.0;0.0;0.0;0.0
2017-07-04;0.0;0.0;0.0;0.0;0.0;0.0;0.0
2017-07-05;0.0;0.0;0.0;0.0;0.0;0.0;0.0
2017-07-06;0.0;0.0;0.0;0.0;0.0;0.0;0.0
2017-07-07;0.0;0.0;0.0;0.0;0.0;0.0;0.0
2017-07-08;0.0;0.0;0.0;0.0;0.0;0.0;0.0
2017-07-09;0.0;0.0;0.0;0.0;0.0;0.0;0.0
2017-07-10;0.0;0.0;0.0;0.0;0.0;0.0;0.0
2017-07-11;0.0;0.0;0.0;0.0;0.0;0.0;0.0
2017-07-12;0.0;0.0;0.0;0.0;0.0;0.0;0.0
2017-07-13;0.0;0.0;0.0;0.0;0.0;0.0;0.0
2017-07-14;0.0;0.0;0.0;0.0;0.0;0.0;0.0
2017-07-15;0.0;0.0;0.0;0.0;0.0;0.0;0.0
2017-07-16;0.0;0.0;0.0;0.0;0.0;0.0;0.0
2017-07-17;0.0;0.0;0.0;0.0;0.0;0.0;0.0
2017-07-18;0.0;0.0;0.0;0.0;0.0;0.0;0.0
2017-07-19;0.0;0.0;0.0;0.0;0.0;0.0;0.0
2017-07-20;0.0;0.0;0.0;0.0;0.0;0.0;0.0
2017-07-21;0.0;0.0;0.0;0.0;0.0;0.0;0.0
2017-07-22;0.0;0.0;0.0;0.0;0.0;0.0;0.0
2017-07-23;0.0;0.0;0.0;0.0;0.0;0.0;0.0
2017-07-24;0.0;0.0;0.0;0.0;0.0;0.0;0.0
2017-07-25;0.0;0.0;0.0;0.0;0.0;0.0;0.0
2017-07-26;0.0;0.0;0.0;0.0;0.0;0.0;0.0
2017-07-27;0.0;0.0;0.0;0.0;0.0;0.0;0.0
2017-07-28;0.0;0.0;0.0;0.0;0.0;0.0;0.0
2017-07-29;0.0;0.0;0.0;0.0;0.0;0.0;0.0
2017-07-30;0.0;0.0;0.0;0.0;0.0;0.0;0.0
2017-07-31;0.0;0.0;0.0;0.0;0.0;0.0;0.0
2017-08-01;0.0;0.0;0.0;0.0;0.0;0.0;0.0
2017-08-02;0.0;0.0;0.0;0.0;0.0;0.0;0.0
2017-08-03;0.0;0.0;0.0;0.0;0.0;0.0;0.0
2017-08-04;0.0;0.0;0.0;0.0;0.0;0.0;0.0
2017-08-05;0.0;0.0;0.0;0.0;0.0;0.0;0.0
2017-08-06;0.0;0.0;0.0;0.0;0.0;0.0;0.0
2017-08-07;0.0;0.0;0.0;0.0;0.0;0.0;0.0
2017-08-08;0.0;0.0;0.0;0.0;0.0;0.0;0.0
2017-08-09;0.0;0.0;0.0;0.0;0.0;0.0;0.0
2017-08-10;0.0;0.0;0.0;0.0;0.0;0.0;0.0
2017-08-11;0.0;0.0;0.0;0.0;0.0;0.0;0.0
2017-08-12;0.0;0.0;0.0;0.0;0.0;0.0;0.0
2017-08-13;0.0;0.0;0.0;0.0;0.0;0.0;0.0
2017-08-14;0.0;0.0;0.0;0.0;0.0;0.0;0.0
2017-08-15;0.0;0.0;0.0;0.0;0.0;0.0;0.0
2017-08-16;0.0;0.0;0.0;0.0;0.0;0.0;0.0
2017-08-17;0.0;0.0;0.0;0.0;0.0;0.0;0.0
2017-08-18;0.0;0.0;0.0;0.0;0.0;0.0;0.0
2017-08-19;0.0;0.0;0.0;0.0;0.0;0.0;0.0
2017-08-20;0.0;0.0;0.0;0.0;0.0;0.0;0.0
2017-08-21;0.0;0.0;0.0;0.0;0.0;0.0;0.0
2017-08-22;0.0;0.0;0.0;0.0;0.0;0.0;0.0
2017-08-23;0.0;0.0;0.0;0.0;0.0;0.0;0.0
2017-08-24;0.0;0.0;0.0;0.0;0.0;0.0;0.0
2017-08-25;0.0;0.0;0.0;0.0;0.0;0.0;0.0
2017-08-26;0.0;0.0;0.0;0.0;0.0;0.0;0.0
2017-08-27;0.0;0.0;0.0;0.0;0.0;0.0;0.0
2017-08-28;0.0;0.0;0.0;0.0;0.0;0.0;0.0
2017-08-29;0.0;0.0;0.0;0.0;0.0;0.0;0.0
2017-08-30;0.0;0.0;0.0;0.0;0.0;0.0;0.0
2017-08-31;0.0;0.0;0.0;0.0;0.0;0.0;0.0
2017-09-01;0.0;0.0;0.0;0.0;0.0;0.0;0.0
2017-09-02;0.0;0.0;0.0;0.0;0.0;0.0;0.0
2017-09-03;0.0;0.0;0.0;0.0;0.0;0.0;0.0
2017-09-04;0.0;0.0;0.0;0.0;0.0;0.0;0.0
2017-09-05;0.0;0.0;0.0;0.0;0.0;0.0;0.0
2017-09-06;0.0;0.0;0.0;0.0;0.0;0.0;0.0
2017-09-07;0.0;0.0;0.0;0.0;0.0;0.0;0.0
2017-09-08;0.0;0.0;0.0;0.0;0.0;0.0;0.0
2017-09-09;0.0;0.0;0.0;0.0;0.0;0.0;0.0
2017-09-10;0.0;0.0;0.0;0.0;0.0;0.0;0.0
2017-09-11;0.0;0.0;0.0;0.0;0.0;0.0;0.0
2017-09-12;0.0;0.0;0.0;0.0;0.0;0.0;0.0
2017-09-13;0.0;0.0;0.0;0.0;0.0;0.0;0.0
2017-09-14;0.0;0.0;0.0;0.0;0.0;0.0;0.0
2017-09-15;0.0;0.0;0.0;0.0;0.0;0.0;0.0
2017-09-16;0.0;0.0;0.0;0.0;0.0;0.0;0.0
2017-09-17;0.0;0.0;0.0;0.0;0.0;0.0;0.0
2017-09-18;0.0;0.0;0.0;0.0;0.0;0.0;0.0
2017-09-19;0.0;0.0;0.0;0.0;0.0;0.0;0.0
2017-09-20;0.0;0.0;0.0;0.0;0.0;0.0;0.0
2017-09-21;0.0;0.0;0.0;0.0;0.0;0.0;0.0
2017-09-22;0.0;0.0;0.0;0.0;0.0;0.0;0.0
2017-09-23;0.0;0.0;0.0;0.0;0.0;0.0;0.0
2017-09-24;0.0;0.0;0.0;0.0;0.0;0.0;0.0
2017-09-25;0.0;0.0;0.0;0.0;0.0;0.0;0.0
2017-09-26;0.0;0.0;0.0;0.0;0.0;0.0;0.0
2017-09-27;0.0;0.0;0.0;0.0;0.0;0.0;0.0
2017-09-28;0.0;0.0;0.0;0.0;0.0;0.0;0.0
2017-09-29;0.0;0.0;0.0;0.0;0.0;0.0;0.0
2017-09-30;0.0;0.0;0.0;0.0;0.0;0.0;0.0
2017-10-01;0.0;0.0;0.0;0.0;0.0;0.0;0.0
2017-10-02;0.0;0.0;0.0;0.0;0.0;0.0;0.0
2017-10-03;0.0;0.0;0.0;0.0;0.0;0.0;0.0
2017-10-04;0.0;0.0;0.0;0.0;0.0;0.0;0.0
2017-10-05;0.0;0.0;0.0;0.0;0.0;0.0;0.0
2017-10-06;0.0;0.0;0.0;0.0;0.0;0.0;0.0
2017-10-07;0.0;0.0;0.0;0.0;0.0;0.0;0.0
2017-10-08;0.0;0.0;0.0;0.0;0.0;0.0;0.0
2017-10-09;0.0;0.0;0.0;0.0;0.0;0.0;0.0
2017-10-10;0.0;0.0;0.0;0.0;0.0;0.0;0.0
2017-10-11;0.0;0.0;0.0;0.0;0.0;0.0;0.0
2017-10-12;0.0;0.0;0.0;0.0;0.0;0.0;0.0
2017-10-13;0.0;0.0;0.0;0.0;0.0;0.0;0.0
2017-10-14;0.0;0.0;0.0;0.0;0.0;0.0;0.0
2017-10-15;0.0;0.0;0.0;0.0;0.0;0.0;0.0
2017-10-16;0.0;0.0;0.0;0.0;0.0;0.0;0.0
2017-10-17;0.0;0.0;0.0;0.0;0.0;0.0;0.0
2017-10-18;0.0;0.0;0.0;0.0;0.0;0.0;0.0
2017-10-19;0.0;0.0;0.0;0.0;0.0;0.0;0.0
2017-10-20;0.0;0.0;0.0;0.0;0.0;0.0;0.0
2017-10-21;0.0;0.0;0.0;0.0;0.0;0.0;0.0
2017-10-22;0.0;0.0;0.0;0.0;0.0;0.0;0.0
2017-10-23;0.0;0.0;0.0;0.0;0.0;0.0;0.0
2017-10-24;0.0;0.0;0.0;0.0;0.0;0.0;0.0
2017-10-25;0.0;0.0;0.0;0.0;0.0;0.0;0.0
2017-10-26;0.0;0.0;0.0;0.0;0.0;0.0;0.0
2017-10-27;0.0;0.0;0.0;0.0;0.0;0.0;0.0
2017-10-28;0.0;0.0;0.0;0.0;0.0;0.0;0.0
2017-10-29;0.0;0.0;0.0;0.0;0.0;0.0;0.0
2017-10-30;0.0;0.0;0.0;0.0;0.0;0.0;0.0
2017-10-31;0.0;0.0;0.0;0.0;0.0;0.0;0.0
2017-11-01;0.0;0.0;0.0;0.0;0.0;0.0;0.0
2017-11-02;0.0;0.0;0.0;0.0;0.0;0.0;0.0
2017-11-03;0.0;0.0;0.0;0.0;0.0;0.0;0.0
2017-11-04;0.0;0.0;0.0;0.0;0.0;0.0;0.0
2017-11-05;0.0;0.0;0.0;0.0;0.0;0.0;0.0
2017-11-06;0.0;0.0;0.0;0.0;0.0;0.0;0.0
2017-11-07;0.0;0.0;0.0;0.0;0.0;0.0;0.0
2017-11-08;0.0;0.0;0.0;0.0;0.0;0.0;0.0
2017-11-09;0.0;0.0;0.0;0.0;0.0;0.0;0.0
2017-11-10;0.0;0.0;0.0;0.0;0.0;0.0;0.0
2017-11-11;0.0;0.0;0.0;0.0;0.0;0.0;0.0
2017-11-12;0.0;0.0;0.0;0.0;0.0;0.0;0.0
2017-11-13;0.0;0.0;0.0;0.0;0.0;0.0;0.0
2017-11-14;0.0;0.0;0.0;0.0;0.0;0.0;0.0
2017-11-15;0.0;0.0;0.0;0.0;0.0;0.0;0.0
2017-11-16;0.0;0.0;0.0;0.0;0.0;0.0;0.0
2017-11-17;0.0;0.0;0.0;0.0;0.0;0.0;0.0
2017-11-18;0.0;0.0;0.0;0.0;0.0;0.0;0.0
2017-11-19;0.0;0.0;0.0;0.0;0.0;0.0;0.0
2017-11-20;0.0;0.0;0.0;0.0;0.0;0.0;0.0
2017-11-21;0.0;0.0;0.0;0.0;0.0;0.0;0.0
2017-11-22;0.0;0.0;0.0;0.0;0.0;0.0;0.0
2017-11-23;0.0;0.0;0.0;0.0;0.0;0.0;0.0
2017-11-24;0.0;0.0;0.0;0.0;0.0;0.0;0.0
2017-11-25;0.0;0.0;0.0;0.0;0.0;0.0;0.0
2017-11-26;0.0;0.0;0.0;0.0;0.0;0.0;0.0
2017-11-27;0.0;0.0;0.0;0.0;0.0;0.0;0.0
2017-11-28;0.0;0.0;0.0;0.0;0.0;0.0;0.0
2017-11-29;0.0;0.0;0.0;0.0;0.0;0.0;0.0
2017-11-30;0.0;0.0;0.0;0.0;0.0;0.0;0.0
2017-12-01;0.0;0.0;0.0;0.0;0.0;0.0;0.0
2017-12-02;0.0;0.0;0.0;0.0;0.0;0.0;0.0
2017-12-03;0.0;0.0;0.0;0.0;0.0;0.0;0.0
2017-12-04;0.0;0.0;0.0;0.0;0.0;0.0;0.0
2017-12-05;0.0;0.0;0.0;0.0;0.0;0.0;0.0
2017-12-06;0.0;0.0;0.0;0.0;0.0;0.0;0.0
2017-12-07;0.0;0.0;0.0;0.0;0.0;0.0;0.0
2017-12-08;0.0;0.0;0.0;0.0;0.0;0.0;0.0
2017-12-09;0.0;0.0;0.0;0.0;0.0;0.0;0.0
2017-12-10;0.0;0.0;0.0;0.0;0.0;0.0;0.0
2017-12-11;0.0;0.0;0.0;0.0;0.0;0.0;0.0
2017-12-12;0.0;0.0;0.0;0.0;0.0;0.0;0.0
2017-12-13;0.0;0.0;0.0;0.0;0.0;0.0;0.0
2017-12-14;0.0;0.0;0.0;0.0;0.0;0.0;0.0
2017-12-15;0.0;0.0;0.0;0.0;0.0;0.0;0.0
2017-12-16;0.0;0.0;0.0;0.0;0.0;0.0;0.0
2017-12-17;0.0;0.0;0.0;0.0;0.0;0.0;0.0
2017-12-18;0.0;0.0;0.0;0.0;0.0;0.0;0.0
2017-12-19;0.0;0.0;0.0;0.0;0.0;0.0;0.0
2017-12-20;0.0;0.0;0.0;0.0;0.0;0.0;0.0
2017-12-21;0.0;0.0;0.0;0.0;0.0;0.0;0.0
2017-12-22;0.0;0.0;0.0;0.0;0.0;0.0;0.0
2017-12-23;0.0;0.0;0.0;0.0;0.0;0.0;0.0
2017-12-24;0.0;0.0;0.0;0.0;0.0;0.0;0.0
2017-12-25;0.0;0.0;0.0;0.0;0.0;0.0;0.0
2017-12-26;0.0;0.0;0.0;0.0;0.0;0.0;0.0
2017-12-27;0.0;0.0;0.0;0.0;0.0;0.0;0.0
2017-12-28;0.0;0.0;0.0;0.0;0.0;0.0;0.0
2017-12-29;0.0;0.0;0.0;0.0;0.0;0.0;0.0
2017-12-30;0.0;0.0;0.0;0.0;0.0;0.0;0.0
2017-12-31;0.0;0.0;0.0;0.0;0.0;0.0;0.0
2018-01-01;0.0;0.0;0.0;0.0;0.0;0.0;0.0
2018-01-02;0.0;0.0;0.0;0.0;0.0;0.0;0.0
2018-01-03;0.0;0.0;0.0;0.0;0.0;0.0;0.0
2018-01-04;0.0;0.0;0.0;0.0;0.0;0.0;0.0
2018-01-05;0.0;0.0;0.0;0.0;0.0;0.0;0.0
2018-01-06;0.0;0.0;0.0;0.0;0.0;0.0;0.0
2018-01-07;0.0;0.0;0.0;0.0;0.0;0.0;0.0
2018-01-08;0.0;0.0;0.0;0.0;0.0;0.0;0.0
2018-01-09;0.0;0.0;0.0;0.0;0.0;0.0;0.0
2018-01-10;0.0;0.0;0.0;0.0;0.0;0.0;0.0
2018-01-11;0.0;0.0;0.0;0.0;0.0;0.0;0.0
2018-01-12;0.0;0.0;0.0;0.0;0.0;0.0;0.0
2018-01-13;0.0;0.0;0.0;0.0;0.0;0.0;0.0
2018-01-14;0.0;0.0;0.0;0.0;0.0;0.0;0.0
2018-01-15;0.0;0.0;0.0;0.0;0.0;0.0;0.0
2018-01-16;0.0;0.0;0.0;0.0;0.0;0.0;0.0
2018-01-17;0.0;0.0;0.0;0.0;0.0;0.0;0.0
2018-01-18;0.0;0.0;0.0;0.0;0.0;0.0;0.0
2018-01-19;0.0;0.0;0.0;0.0;0.0;0.0;0.0
2018-01-20;0.0;0.0;0.0;0.0;0.0;0.0;0.0
2018-01-21;0.0;0.0;0.0;0.0;0.0;0.0;0.0
2018-01-22;0.0;0.0;0.0;0.0;0.0;0.0;0.0
2018-01-23;0.0;0.0;0.0;0.0;0.0;0.0;0.0
2018-01-24;0.0;0.0;0.0;0.0;0.0;0.0;0.0
2018-01-25;0.0;0.0;0.0;0.0;0.0;0.0;0.0
2018-01-26;0.0;0.0;0.0;0.0;0.0;0.0;0.0
2018-01-27;0.0;0.0;0.0;0.0;0.0;0.0;0.0
2018-01-28;0.0;0.0;0.0;0.0;0.0;0.0;0.0
2018-01-29;0.0;0.0;0.0;0.0;0.0;0.0;0.0
2018-01-30;0.0;0.0;0.0;0.0;0.0;0.0;0.0
2018-01-31;0.0;0.0;0.0;0.0;0.0;0.0;0.0
2018-02-01;0.0;0.0;0.0;0.0;0.0;0.0;0.0
2018-02-02;0.0;0.0;0.0;0.0;0.0;0.0;0.0
2018-02-03;0.0;0.0;0.0;0.0;0.0;0.0;0.0
2018-02-04;0.0;0.0;0.0;0.0;0.0;0.0;0.0
2018-02-05;0.0;0.0;0.0;0.0;0.0;0.0;0.0
2018-02-06;0.0;0.0;0.0;0.0;0.0;0.0;0.0
2018-02-07;0.0;0.0;0.0;0.0;0.0;0.0;0.0
2018-02-08;0.0;0.0;0.0;0.0;0.0;0.0;0.0
2018-02-09;0.0;0.0;0.0;0.0;0.0;0.0;0.0
2018-02-10;0.0;0.0;0.0;0.0;0.0;0.0;0.0
2018-02-11;0.0;0.0;0.0;0.0;0.0;0.0;0.0
2018-02-12;0.0;0.0;0.0;0.0;0.0;0.0;0.0
2018-02-13;0.0;0.0;0.0;0.0;0.0;0.0;0.0
2018-02-14;0.0;0.0;0.0;0.0;0.0;0.0;0.0
2018-02-15;0.0;0.0;0.0;0.0;0.0;0.0;0.0
2018-02-16;0.0;0.0;0.0;0.0;0.0;0.0;0.0
2018-02-17;0.0;0.0;0.0;0.0;0.0;0.0;0.0
2018-02-18;0.0;0.0;0.0;0.0;0.0;0.0;0.0
2018-02-19;0.0;0.0;0.0;0.0;0.0;0.0;0.0
2018-02-20;0.0;0.0;0.0;0.0;0.0;0.0;0.0
2018-02-21;0.0;0.0;0.0;0.0;0.0;0.0;0.0
2018-02-22;0.0;0.0;0.0;0.0;0.0;0.0;0.0
2018-02-23;0.0;0.0;0.0;0.0;0.0;0.0;0.0
2018-02-24;0.0;0.0;0.0;0.0;0.0;0.0;0.0
2018-02-25;0.0;0.0;0.0;0.0;0.0;0.0;0.0
2018-02-26;0.0;0.0;0.0;0.0;0.0;0.0;0.0
2018-02-27;0.0;0.0;0.0;0.0;0.0;0.0;0.0
2018-02-28;0.0;0.0;0.0;0.0;0.0;0.0;0.0
2018-03-01;0.0;0.0;0.0;0.0;0.0;0.0;0.0
2018-03-02;0.0;0.0;0.0;0.0;0.0;0.0;0.0
2018-03-03;0.0;0.0;0.0;0.0;0.0;0.0;0.0
2018-03-04;0.0;0.0;0.0;0.0;0.0;0.0;0.0
2018-03-05;0.0;0.0;0.0;0.0;0.0;0.0;0.0
2018-03-06;0.0;0.0;0.0;0.0;0.0;0.0;0.0
2018-03-07;0.0;0.0;0.0;0.0;0.0;0.0;0.0
2018-03-08;0.0;0.0;0.0;0.0;0.0;0.0;0.0
2018-03-09;0.0;0.0;0.0;0.0;0.0;0.0;0.0
2018-03-10;0.0;0.0;0.0;0.0;0.0;0.0;0.0
2018-03-11;0.0;0.0;0.0;0.0;0.0;0.0;0.0
2018-03-12;0.0;0.0;0.0;0.0;0.0;0.0;0.0
2018-03-13;0.0;0.0;0.0;0.0;0.0;0.0;0.0
2018-03-14;0.0;0.0;0.0;0.0;0.0;0.0;0.0
2018-03-15;0.0;0.0;0.0;0.0;0.0;0.0;0.0
2018-03-16;0.0;0.0;0.0;0.0;0.0;0.0;0.0
2018-03-17;0.0;0.0;0.0;0.0;0.0;0.0;0.0
2018-03-18;0.0;0.0;0.0;0.0;0.0;0.0;0.0
2018-03-19;0.0;0.0;0.0;0.0;0.0;0.0;0.0
2018-03-20;0.0;0.0;0.0;0.0;0.0;0.0;0.0
2018-03-21;0.0;0.0;0.0;0.0;0.0;0.0;0.0
2018-03-22;0.0;0.0;0.0;0.0;0.0;0.0;0.0
2018-03-23;0.0;0.0;0.0;0.0;0.0;0.0;0.0
2018-03-24;0.0;0.0;0.0;0.0;0.0;0.0;0.0
2018-03-25;0.0;0.0;0.0;0.0;0.0;0.0;0.0
2018-03-26;0.0;0.0;0.0;0.0;0.0;0.0;0.0
2018-03-27;0.0;0.0;0.0;0.0;0.0;0.0;0.0
2018-03-28;0.0;0.0;0.0;0.0;0.0;0.0;0.0
2018-03-29;0.0;0.0;0.0;0.0;0.0;0.0;0.0
2018-03-30;0.0;0.0;0.0;0.0;0.0;0.0;0.0
2018-03-31;0.0;0.0;0.0;0.0;0.0;0.0;0.0
2018-04-01;0.0;0.0;0.0;0.0;0.0;0.0;0.0
2018-04-02;0.0;0.0;0.0;0.0;0.0;0.0;0.0
2018-04-03;0.0;0.0;0.0;0.0;0.0;0.0;0.0
2018-04-04;0.0;0.0;0.0;0.0;0.0;0.0;0.0
2018-04-05;0.0;0.0;0.0;0.0;0.0;0.0;0.0
2018-04-06;0.0;0.0;0.0;0.0;0.0;0.0;0.0
2018-04-07;0.0;0.0;0.0;0.0;0.0;0.0;0.0
2018-04-08;0.0;0.0;0.0;0.0;0.0;0.0;0.0
2018-04-09;0.0;0.0;0.0;0.0;0.0;0.0;0.0
2018-04-10;0.0;0.0;0.0;0.0;0.0;0.0;0.0
2018-04-11;0.0;0.0;0.0;0.0;0.0;0.0;0.0
2018-04-12;0.0;0.0;0.0;0.0;0.0;0.0;0.0
2018-04-13;0.0;0.0;0.0;0.0;0.0;0.0;0.0
2018-04-14;0.0;0.0;0.0;0.0;0.0;0.0;0.0
2018-04-15;0.0;0.0;0.0;0.0;0.0;0.0;0.0
2018-04-16;0.0;0.0;0.0;0.0;0.0;0.0;0.0
2018-04-17;0.0;0.0;0.0;0.0;0.0;0.0;0.0
2018-04-18;0.0;0.0;0.0;0.0;0.0;0.0;0.0
2018-04-19;0.0;0.0;0.0;0.0;0.0;0.0;0.0
2018-04-20;0.0;0.0;0.0;0.0;0.0;0.0;0.0
2018-04-21;0.0;0.0;0.0;0.0;0.0;0.0;0.0
2018-04-22;0.0;0.0;0.0;0.0;0.0;0.0;0.0
2018-04-23;0.0;0.0;0.0;0.0;0.0;0.0;0.0
2018-04-24;0.0;0.0;0.0;0.0;0.0;0.0;0.0
2018-04-25;0.0;0.0;0.0;0.0;0.0;0.0;0.0
2018-04-26;0.0;0.0;0.0;0.0;0.0;0.0;0.0
2018-04-27;0.0;0.0;0.0;0.0;0.0;0.0;0.0
2018-04-28;0.0;0.0;0.0;0.0;0.0;0.0;0.0
2018-04-29;0.0;0.0;0.0;0.0;0.0;0.0;0.0
2018-04-30;0.0;0.0;0.0;0.0;0.0;0.0;0.0
2018-05-01;0.0;0.0;0.0;0.0;0.0;0.0;0.0
2018-05-02;0.0;0.0;0.0;0.0;0.0;0.0;0.0
2018-05-03;0.0;0.0;0.0;0.0;0.0;0.0;0.0
2018-05-04;0.0;0.0;0.0;0.0;0.0;0.0;0.0
2018-05-05;0.0;0.0;0.0;0.0;0.0;0.0;0.0
2018-05-06;0.0;0.0;0.0;0.0;0.0;0.0;0.0
2018-05-07;0.0;0.0;0.0;0.0;0.0;0.0;0.0
2018-05-08;0.0;0.0;0.0;0.0;0.0;0.0;0.0
2018-05-09;0.0;0.0;0.0;0.0;0.0;0.0;0.0
2018-05-10;0.0;0.0;0.0;0.0;0.0;0.0;0.0
2018-05-11;0.0;0.0;0.0;0.0;0.0;0.0;0.0
2018-05-12;0.0;0.0;0.0;0.0;0.0;0.0;0.0
2018-05-13;0.0;0.0;0.0;0.0;0.0;0.0;0.0
2018-05-14;0.0;0.0;0.0;0.0;0.0;0.0;0.0
2018-05-15;0.0;0.0;0.0;0.0;0.0;0.0;0.0
2018-05-16;0.0;0.0;0.0;0.0;0.0;0.0;0.0
2018-05-17;0.0;0.0;0.0;0.0;0.0;0.0;0.0
2018-05-18;0.0;0.0;0.0;0.0;0.0;0.0;0.0
2018-05-19;0.0;0.0;0.0;0.0;0.0;0.0;0.0
2018-05-20;0.0;0.0;0.0;0.0;0.0;0.0;0.0
2018-05-21;0.0;0.0;0.0;0.0;0.0;0.0;0.0
2018-05-22;0.0;0.0;0.0;0.0;0.0;0.0;0.0
2018-05-23;0.0;0.0;0.0;0.0;0.0;0.0;0.0
2018-05-24;0.0;0.0;0.0;0.0;0.0;0.0;0.0
2018-05-25;0.0;0.0;0.0;0.0;0.0;0.0;0.0
2018-05-26;0.0;0.0;0.0;0.0;0.0;0.0;0.0
2018-05-27;0.0;0.0;0.0;0.0;0.0;0.0;0.0
2018-05-28;0.0;0.0;0.0;0.0;0.0;0.0;0.0
2018-05-29;0.0;0.0;0.0;0.0;0.0;0.0;0.0
2018-05-30;0.0;0.0;0.0;0.0;0.0;0.0;0.0
2018-05-31;0.0;0.0;0.0;0.0;0.0;0.0;0.0
2018-06-01;0.0;0.0;0.0;0.0;0.0;0.0;0.0
2018-06-02;0.0;0.0;0.0;0.0;0.0;0.0;0.0
2018-06-03;0.0;0.0;0.0;0.0;0.0;0.0;0.0
2018-06-04;0.0;0.0;0.0;0.0;0.0;0.0;0.0
2018-06-05;0.0;0.0;0.0;0.0;0.0;0.0;0.0
2018-06-06;0.0;0.0;0.0;0.0;0.0;0.0;0.0
2018-06-07;0.0;0.0;0.0;0.0;0.0;0.0;0.0
2018-06-08;0.0;0.0;0.0;0.0;0.0;0.0;0.0
2018-06-09;0.0;0.0;0.0;0.0;0.0;0.0;0.0
2018-06-10;0.0;0.0;0.0;0.0;0.0;0.0;0.0
2018-06-11;0.0;0.0;0.0;0.0;0.0;0.0;0.0
2018-06-12;0.0;0.0;0.0;0.0;0.0;0.0;0.0
2018-06-13;0.0;0.0;0.0;0.0;0.0;0.0;0.0
2018-06-14;0.0;0.0;0.0;0.0;0.0;0.0;0.0
2018-06-15;0.0;0.0;0.0;0.0;0.0;0.0;0.0
2018-06-16;0.0;0.0;0.0;0.0;0.0;0.0;0.0
2018-06-17;0.0;0.0;0.0;0.0;0.0;0.0;0.0
2018-06-18;0.0;0.0;0.0;0.0;0.0;0.0;0.0
2018-06-19;0.0;0.0;0.0;0.0;0.0;0.0;0.0
2018-06-20;0.0;0.0;0.0;0.0;0.0;0.0;0.0
2018-06-21;0.0;0.0;0.0;0.0;0.0;0.0;0.0
2018-06-22;0.0;0.0;0.0;0.0;0.0;0.0;0.0
2018-06-23;0.0;0.0;0.0;0.0;0.0;0.0;0.0
2018-06-24;0.0;0.0;0.0;0.0;0.0;0.0;0.0
2018-06-25;0.0;0.0;0.0;0.0;0.0;0.0;0.0
2018-06-26;0.0;0.0;0.0;0.0;0.0;0.0;0.0
2018-06-27;0.0;0.0;0.0;0.0;0.0;0.0;0.0
2018-06-28;0.0;0.0;0.0;0.0;0.0;0.0;0.0
2018-06-29;0.0;0.0;0.0;0.0;0.0;0.0;0.0
2018-06-30;0.0;0.0;0.0;0.0;0.0;0.0;0.0
2018-07-01;0.0;0.0;0.0;0.0;0.0;0.0;0.0
2018-07-02;0.0;0.0;0.0;0.0;0.0;0.0;0.0
2018-07-03;0.0;0.0;0.0;0.0;0.0;0.0;0.0
2018-07-04;0.0;0.0;0.0;0.0;0.0;0.0;0.0
2018-07-05;0.0;0.0;0.0;0.0;0.0;0.0;0.0
2018-07-06;0.0;0.0;0.0;0.0;0.0;0.0;0.0
2018-07-07;0.0;0.0;0.0;0.0;0.0;0.0;0.0
2018-07-08;0.0;0.0;0.0;0.0;0.0;0.0;0.0
2018-07-09;0.0;0.0;0.0;0.0;0.0;0.0;0.0
2018-07-10;0.0;0.0;0.0;0.0;0.0;0.0;0.0
2018-07-11;0.0;0.0;0.0;0.0;0.0;0.0;0.0
2018-07-12;0.0;0.0;0.0;0.0;0.0;0.0;0.0
2018-07-13;0.0;0.0;0.0;0.0;0.0;0.0;0.0
2018-07-14;0.0;0.0;0.0;0.0;0.0;0.0;0.0
2018-07-15;0.0;0.0;0.0;0.0;0.0;0.0;0.0
2018-07-16;0.0;0.0;0.0;0.0;0.0;0.0;0.0
2018-07-17;0.0;0.0;0.0;0.0;0.0;0.0;0.0
2018-07-18;0.0;0.0;0.0;0.0;0.0;0.0;0.0
2018-07-19;0.0;0.0;0.0;0.0;0.0;0.0;0.0
2018-07-20;0.0;0.0;0.0;0.0;0.0;0.0;0.0
2018-07-21;0.0;0.0;0.0;0.0;0.0;0.0;0.0
2018-07-22;0.0;0.0;0.0;0.0;0.0;0.0;0.0
2018-07-23;0.0;0.0;0.0;0.0;0.0;0.0;0.0
2018-07-24;0.0;0.0;0.0;0.0;0.0;0.0;0.0
2018-07-25;0.0;0.0;0.0;0.0;0.0;0.0;0.0
2018-07-26;0.0;0.0;0.0;0.0;0.0;0.0;0.0
2018-07-27;0.0;0.0;0.0;0.0;0.0;0.0;0.0
2018-07-28;0.0;0.0;0.0;0.0;0.0;0.0;0.0
2018-07-29;0.0;0.0;0.0;0.0;0.0;0.0;0.0
2018-07-30;0.0;0.0;0.0;0.0;0.0;0.0;0.0
2018-07-31;0.0;0.0;0.0;0.0;0.0;0.0;0.0
2018-08-01;0.0;0.0;0.0;0.0;0.0;0.0;0.0
2018-08-02;0.0;0.0;0.0;0.0;0.0;0.0;0.0
2018-08-03;0.0;0.0;0.0;0.0;0.0;0.0;0.0
2018-08-04;0.0;0.0;0.0;0.0;0.0;0.0;0.0
2018-08-05;0.0;0.0;0.0;0.0;0.0;0.0;0.0
2018-08-06;0.0;0.0;0.0;0.0;0.0;0.0;0.0
2018-08-07;0.0;0.0;0.0;0.0;0.0;0.0;0.0
2018-08-08;0.0;0.0;0.0;0.0;0.0;0.0;0.0
2018-08-09;0.0;0.0;0.0;0.0;0.0;0.0;0.0
2018-08-10;0.0;0.0;0.0;0.0;0.0;0.0;0.0
2018-08-11;0.0;0.0;0.0;0.0;0.0;0.0;0.0
2018-08-12;0.0;0.0;0.0;0.0;0.0;0.0;0.0
2018-08-13;0.0;0.0;0.0;0.0;0.0;0.0;0.0
2018-08-14;0.0;0.0;0.0;0.0;0.0;0.0;0.0
2018-08-15;0.0;0.0;0.0;0.0;0.0;0.0;0.0
2018-08-16;0.0;0.0;0.0;0.0;0.0;0.0;0.0
2018-08-17;0.0;0.0;0.0;0.0;0.0;0.0;0.0
2018-08-18;0.0;0.0;0.0;0.0;0.0;0.0;0.0
2018-08-19;0.0;0.0;0.0;0.0;0.0;0.0;0.0
2018-08-20;0.0;0.0;0.0;0.0;0.0;0.0;0.0
2018-08-21;0.0;0.0;0.0;0.0;0.0;0.0;0.0
2018-08-22;0.0;0.0;0.0;0.0;0.0;0.0;0.0
2018-08-23;0.0;0.0;0.0;0.0;0.0;0.0;0.0
2018-08-24;0.0;0.0;0.0;0.0;0.0;0.0;0.0
2018-08-25;0.0;0.0;0.0;0.0;0.0;0.0;0.0
2018-08-26;0.0;0.0;0.0;0.0;0.0;0.0;0.0
2018-08-27;0.0;0.0;0.0;0.0;0.0;0.0;0.0
2018-08-28;0.0;0.0;0.0;0.0;0.0;0.0;0.0
2018-08-29;0.0;0.0;0.0;0.0;0.0;0.0;0.0
2018-08-30;0.0;0.0;0.0;0.0;0.0;0.0;0.0
2018-08-31;0.0;0.0;0.0;0.0;0.0;0.0;0.0
2018-09-01;0.0;0.0;0.0;0.0;0.0;0.0;0.0
2018-09-02;0.0;0.0;0.0;0.0;0.0;0.0;0.0
2018-09-03;0.0;0.0;0.0;0.0;0.0;0.0;0.0
2018-09-04;0.0;0.0;0.0;0.0;0.0;0.0;0.0
2018-09-05;0.0;0.0;0.0;0.0;0.0;0.0;0.0
2018-09-06;0.0;0.0;0.0;0.0;0.0;0.0;0.0
2018-09-07;0.0;0.0;0.0;0.0;0.0;0.0;0.0
2018-09-08;0.0;0.0;0.0;0.0;0.0;0.0;0.0
2018-09-09;0.0;0.0;0.0;0.0;0.0;0.0;0.0
2018-09-10;0.0;0.0;0.0;0.0;0.0;0.0;0.0
2018-09-11;0.0;0.0;0.0;0.0;0.0;0.0;0.0
2018-09-12;0.0;0.0;0.0;0.0;0.0;0.0;0.0
2018-09-13;0.0;0.0;0.0;0.0;0.0;0.0;0.0
2018-09-14;0.0;0.0;0.0;0.0;0.0;0.0;0.0
2018-09-15;0.0;0.0;0.0;0.0;0.0;0.0;0.0
2018-09-16;0.0;0.0;0.0;0.0;0.0;0.0;0.0
2018-09-17;0.0;0.0;0.0;0.0;0.0;0.0;0.0
2018-09-18;0.0;0.0;0.0;0.0;0.0;0.0;0.0
2018-09-19;0.0;0.0;0.0;0.0;0.0;0.0;0.0
2018-09-20;0.0;0.0;0.0;0.0;0.0;0.0;0.0
2018-09-21;0.0;0.0;0.0;0.0;0.0;0.0;0.0
2018-09-22;0.0;0.0;0.0;0.0;0.0;0.0;0.0
2018-09-23;0.0;0.0;0.0;0.0;0.0;0.0;0.0
2018-09-24;0.0;0.0;0.0;0.0;0.0;0.0;0.0
2018-09-25;0.0;0.0;0.0;0.0;0.0;0.0;0.0
2018-09-26;0.0;0.0;0.0;0.0;0.0;0.0;0.0
2018-09-27;0.0;0.0;0.0;0.0;0.0;0.0;0.0
2018-09-28;0.0;0.0;0.0;0.0;0.0;0.0;0.0
2018-09-29;0.0;0.0;0.0;0.0;0.0;0.0;0.0
2018-09-30;0.0;0.0;0.0;0.0;0.0;0.0;0.0
2018-10-01;0.0;0.0;0.0;0.0;0.0;0.0;0.0
2018-10-02;0.0;0.0;0.0;0.0;0.0;0.0;0.0
2018-10-03;0.0;0.0;0.0;0.0;0.0;0.0;0.0
2018-10-04;0.0;0.0;0.0;0.0;0.0;0.0;0.0
2018-10-05;0.0;0.0;0.0;0.0;0.0;0.0;0.0
2018-10-06;0.0;0.0;0.0;0.0;0.0;0.0;0.0
2018-10-07;0.0;0.0;0.0;0.0;0.0;0.0;0.0
2018-10-08;0.0;0.0;0.0;0.0;0.0;0.0;0.0
2018-10-09;0.0;0.0;0.0;0.0;0.0;0.0;0.0
2018-10-10;0.0;0.0;0.0;0.0;0.0;0.0;0.0
2018-10-11;0.0;0.0;0.0;0.0;0.0;0.0;0.0
2018-10-12;0.0;0.0;0.0;0.0;0.0;0.0;0.0
2018-10-13;0.0;0.0;0.0;0.0;0.0;0.0;0.0
2018-10-14;0.0;0.0;0.0;0.0;0.0;0.0;0.0
2018-10-15;0.0;0.0;0.0;0.0;0.0;0.0;0.0
2018-10-16;0.0;0.0;0.0;0.0;0.0;0.0;0.0
2018-10-17;0.0;0.0;0.0;0.0;0.0;0.0;0.0
2018-10-18;0.0;0.0;0.0;0.0;0.0;0.0;0.0
2018-10-19;0.0;0.0;0.0;0.0;0.0;0.0;0.0
2018-10-20;0.0;0.0;0.0;0.0;0.0;0.0;0.0
2018-10-21;0.0;0.0;0.0;0.0;0.0;0.0;0.0
2018-10-22;0.0;0.0;0.0;0.0;0.0;0.0;0.0
2018-10-23;0.0;0.0;0.0;0.0;0.0;0.0;0.0
2018-10-24;0.0;0.0;0.0;0.0;0.0;0.0;0.0
2018-10-25;0.0;0.0;0.0;0.0;0.0;0.0;0.0
2018-10-26;0.0;0.0;0.0;0.0;0.0;0.0;0.0
2018-10-27;0.0;0.0;0.0;0.0;0.0;0.0;0.0
2018-10-28;0.0;0.0;0.0;0.0;0.0;0.0;0.0
2018-10-29;0.0;0.0;0.0;0.0;0.0;0.0;0.0
2018-10-30;0.0;0.0;0.0;0.0;0.0;0.0;0.0
2018-10-31;0.0;0.0;0.0;0.0;0.0;0.0;0.0
2018-11-01;0.0;0.0;0.0;0.0;0.0;0.0;0.0
2018-11-02;0.0;0.0;0.0;0.0;0.0;0.0;0.0
2018-11-03;0.0;0.0;0.0;0.0;0.0;0.0;0.0
2018-11-04;0.0;0.0;0.0;0.0;0.0;0.0;0.0
2018-11-05;0.0;0.0;0.0;0.0;0.0;0.0;0.0
2018-11-06;0.0;0.0;0.0;0.0;0.0;0.0;0.0
2018-11-07;0.0;0.0;0.0;0.0;0.0;0.0;0.0
2018-11-08;0.0;0.0;0.0;0.0;0.0;0.0;0.0
2018-11-09;0.0;0.0;0.0;0.0;0.0;0.0;0.0
2018-11-10;0.0;0.0;0.0;0.0;0.0;0.0;0.0
2018-11-11;0.0;0.0;0.0;0.0;0.0;0.0;0.0
2018-11-12;0.0;0.0;0.0;0.0;0.0;0.0;0.0
2018-11-13;0.0;0.0;0.0;0.0;0.0;0.0;0.0
2018-11-14;0.0;0.0;0.0;0.0;0.0;0.0;0.0
2018-11-15;0.0;0.0;0.0;0.0;0.0;0.0;0.0
2018-11-16;0.0;0.0;0.0;0.0;0.0;0.0;0.0
2018-11-17;0.0;0.0;0.0;0.0;0.0;0.0;0.0
2018-11-18;0.0;0.0;0.0;0.0;0.0;0.0;0.0
2018-11-19;0.0;0.0;0.0;0.0;0.0;0.0;0.0
2018-11-20;0.0;0.0;0.0;0.0;0.0;0.0;0.0
2018-11-21;0.0;0.0;0.0;0.0;0.0;0.0;0.0
2018-11-22;0.0;0.0;0.0;0.0;0.0;0.0;0.0
2018-11-23;0.0;0.0;0.0;0.0;0.0;0.0;0.0
2018-11-24;0.0;0.0;0.0;0.0;0.0;0.0;0.0
2018-11-25;0.0;0.0;0.0;0.0;0.0;0.0;0.0
2018-11-26;0.0;0.0;0.0;0.0;0.0;0.0;0.0
2018-11-27;0.0;0.0;0.0;0.0;0.0;0.0;0.0
2018-11-28;0.0;0.0;0.0;0.0;0.0;0.0;0.0
2018-11-29;0.0;0.0;0.0;0.0;0.0;0.0;0.0
2018-11-30;0.0;0.0;0.0;0.0;0.0;0.0;0.0
2018-12-01;0.0;0.0;0.0;0.0;0.0;0.0;0.0
2018-12-02;0.0;0.0;0.0;0.0;0.0;0.0;0.0
2018-12-03;0.0;0.0;0.0;0.0;0.0;0.0;0.0
2018-12-04;0.0;0.0;0.0;0.0;0.0;0.0;0.0
2018-12-05;0.0;0.0;0.0;0.0;0.0;0.0;0.0
2018-12-06;0.0;0.0;0.0;0.0;0.0;0.0;0.0
2018-12-07;0.0;0.0;0.0;0.0;0.0;0.0;0.0
2018-12-08;0.0;0.0;0.0;0.0;0.0;0.0;0.0
2018-12-09;0.0;0.0;0.0;0.0;0.0;0.0;0.0
2018-12-10;0.0;0.0;0.0;0.0;0.0;0.0;0.0
2018-12-11;0.0;0.0;0.0;0.0;0.0;0.0;0.0
2018-12-12;0.0;0.0;0.0;0.0;0.0;0.0;0.0
2018-12-13;0.0;0.0;0.0;0.0;0.0;0.0;0.0
2018-12-14;0.0;0.0;0.0;0.0;0.0;0.0;0.0
2018-12-15;0.0;0.0;0.0;0.0;0.0;0.0;0.0
2018-12-16;0.0;0.0;0.0;0.0;0.0;0.0;0.0
2018-12-17;0.0;0.0;0.0;0.0;0.0;0.0;0.0
2018-12-18;0.0;0.0;0.0;0.0;0.0;0.0;0.0
2018-12-19;0.0;0.0;0.0;0.0;0.0;0.0;0.0
2018-12-20;0.0;0.0;0.0;0.0;0.0;0.0;0.0
2018-12-21;0.0;0.0;0.0;0.0;0.0;0.0;0.0
2018-12-22;0.0;0.0;0.0;0.0;0.0;0.0;0.0
2018-12-23;0.0;0.0;0.0;0.0;0.0;0.0;0.0
2018-12-24;0.0;0.0;0.0;0.0;0.0;0.0;0.0
2018-12-25;0.0;0.0;0.0;0.0;0.0;0.0;0.0
2018-12-26;0.0;0.0;0.0;0.0;0.0;0.0;0.0
2018-12-27;0.0;0.0;0.0;0.0;0.0;0.0;0.0
2018-12-28;0.0;0.0;0.0;0.0;0.0;0.0;0.0
2018-12-29;0.0;0.0;0.0;0.0;0.0;0.0;0.0
2018-12-30;0.0;0.0;0.0;0.0;0.0;0.0;0.0
2018-12-31;0.0;0.0;0.0;0.0;0.0;0.0;0.0
2019-01-01;0.0;0.0;0.0;0.0;0.0;0.0;0.0
2019-01-02;0.0;0.0;0.0;0.0;0.0;0.0;0.0
2019-01-03;0.0;0.0;0.0;0.0;0.0;0.0;0.0
2019-01-04;0.0;0.0;0.0;0.0;0.0;0.0;0.0
2019-01-05;0.0;0.0;0.0;0.0;0.0;0.0;0.0
2019-01-06;0.0;0.0;0.0;0.0;0.0;0.0;0.0
2019-01-07;0.0;0.0;0.0;0.0;0.0;0.0;0.0
2019-01-08;0.0;0.0;0.0;0.0;0.0;0.0;0.0
2019-01-09;0.0;0.0;0.0;0.0;0.0;0.0;0.0
2019-01-10;0.0;0.0;0.0;0.0;0.0;0.0;0.0
2019-01-11;0.0;0.0;0.0;0.0;0.0;0.0;0.0
2019-01-12;0.0;0.0;0.0;0.0;0.0;0.0;0.0
2019-01-13;0.0;0.0;0.0;0.0;0.0;0.0;0.0
2019-01-14;0.0;0.0;0.0;0.0;0.0;0.0;0.0
2019-01-15;0.0;0.0;0.0;0.0;0.0;0.0;0.0
2019-01-16;0.0;0.0;0.0;0.0;0.0;0.0;0.0
2019-01-17;0.0;0.0;0.0;0.0;0.0;0.0;0.0
2019-01-18;0.0;0.0;0.0;0.0;0.0;0.0;0.0
2019-01-19;0.0;0.0;0.0;0.0;0.0;0.0;0.0
2019-01-20;0.0;0.0;0.0;0.0;0.0;0.0;0.0
2019-01-21;0.0;0.0;0.0;0.0;0.0;0.0;0.0
2019-01-22;0.0;0.0;0.0;0.0;0.0;0.0;0.0
2019-01-23;0.0;0.0;0.0;0.0;0.0;0.0;0.0
2019-01-24;0.0;0.0;0.0;0.0;0.0;0.0;0.0
2019-01-25;0.0;0.0;0.0;0.0;0.0;0.0;0.0
2019-01-26;0.0;0.0;0.0;0.0;0.0;0.0;0.0
2019-01-27;0.0;0.0;0.0;0.0;0.0;0.0;0.0
2019-01-28;0.0;0.0;0.0;0.0;0.0;0.0;0.0
2019-01-29;0.0;0.0;0.0;0.0;0.0;0.0;0.0
2019-01-30;0.0;0.0;0.0;0.0;0.0;0.0;0.0
2019-01-31;0.0;0.0;0.0;0.0;0.0;0.0;0.0
2019-02-01;0.0;0.0;0.0;0.0;0.0;0.0;0.0
2019-02-02;0.0;0.0;0.0;0.0;0.0;0.0;0.0
2019-02-03;0.0;0.0;0.0;0.0;0.0;0.0;0.0
2019-02-04;0.0;0.0;0.0;0.0;0.0;0.0;0.0
2019-02-05;0.0;0.0;0.0;0.0;0.0;0.0;0.0
2019-02-06;0.0;0.0;0.0;0.0;0.0;0.0;0.0
2019-02-07;0.0;0.0;0.0;0.0;0.0;0.0;0.0
2019-02-08;0.0;0.0;0.0;0.0;0.0;0.0;0.0
2019-02-09;0.0;0.0;0.0;0.0;0.0;0.0;0.0
2019-02-10;0.0;0.0;0.0;0.0;0.0;0.0;0.0
2019-02-11;0.0;0.0;0.0;0.0;0.0;0.0;0.0
2019-02-12;0.0;0.0;0.0;0.0;0.0;0.0;0.0
2019-02-13;0.0;0.0;0.0;0.0;0.0;0.0;0.0
2019-02-14;0.0;0.0;0.0;0.0;0.0;0.0;0.0
2019-02-15;0.0;0.0;0.0;0.0;0.0;0.0;0.0
2019-02-16;0.0;0.0;0.0;0.0;0.0;0.0;0.0
2019-02-17;0.0;0.0;0.0;0.0;0.0;0.0;0.0
2019-02-18;0.0;0.0;0.0;0.0;0.0;0.0;0.0
2019-02-19;0.0;0.0;0.0;0.0;0.0;0.0;0.0
2019-02-20;0.0;0.0;0.0;0.0;0.0;0.0;0.0
2019-02-21;0.0;0.0;0.0;0.0;0.0;0.0;0.0
2019-02-22;0.0;0.0;0.0;0.0;0.0;0.0;0.0
2019-02-23;0.0;0.0;0.0;0.0;0.0;0.0;0.0
2019-02-24;0.0;0.0;0.0;0.0;0.0;0.0;0.0
2019-02-25;0.0;0.0;0.0;0.0;0.0;0.0;0.0
2019-02-26;0.0;0.0;0.0;0.0;0.0;0.0;0.0
2019-02-27;0.0;0.0;0.0;0.0;0.0;0.0;0.0
2019-02-28;0.0;0.0;0.0;0.0;0.0;0.0;0.0
2019-03-01;0.0;0.0;0.0;0.0;0.0;0.0;0.0
2019-03-02;0.0;0.0;0.0;0.0;0.0;0.0;0.0
2019-03-03;0.0;0.0;0.0;0.0;0.0;0.0;0.0
2019-03-04;0.0;0.0;0.0;0.0;0.0;0.0;0.0
2019-03-05;0.0;0.0;0.0;0.0;0.0;0.0;0.0
2019-03-06;0.0;0.0;0.0;0.0;0.0;0.0;0.0
2019-03-07;0.0;0.0;0.0;0.0;0.0;0.0;0.0
2019-03-08;0.0;0.0;0.0;0.0;0.0;0.0;0.0
2019-03-09;0.0;0.0;0.0;0.0;0.0;0.0;0.0
2019-03-10;0.0;0.0;0.0;0.0;0.0;0.0;0.0
2019-03-11;0.0;0.0;0.0;0.0;0.0;0.0;0.0
2019-03-12;0.0;0.0;0.0;0.0;0.0;0.0;0.0
2019-03-13;0.0;0.0;0.0;0.0;0.0;0.0;0.0
2019-03-14;0.0;0.0;0.0;0.0;0.0;0.0;0.0
2019-03-15;0.0;0.0;0.0;0.0;0.0;0.0;0.0
2019-03-16;0.0;0.0;0.0;0.0;0.0;0.0;0.0
2019-03-17;0.0;0.0;0.0;0.0;0.0;0.0;0.0
2019-03-18;0.0;0.0;0.0;0.0;0.0;0.0;0.0
2019-03-19;0.0;0.0;0.0;0.0;0.0;0.0;0.0
2019-03-20;0.0;0.0;0.0;0.0;0.0;0.0;0.0
2019-03-21;0.0;0.0;0.0;0.0;0.0;0.0;0.0
2019-03-22;0.0;0.0;0.0;0.0;0.0;0.0;0.0
2019-03-23;0.0;0.0;0.0;0.0;0.0;0.0;0.0
2019-03-24;0.0;0.0;0.0;0.0;0.0;0.0;0.0
2019-03-25;0.0;0.0;0.0;0.0;0.0;0.0;0.0
2019-03-26;0.0;0.0;0.0;0.0;0.0;0.0;0.0
2019-03-27;0.0;0.0;0.0;0.0;0.0;0.0;0.0
2019-03-28;0.0;0.0;0.0;0.0;0.0;0.0;0.0
2019-03-29;0.0;0.0;0.0;0.0;0.0;0.0;0.0
2019-03-30;0.0;0.0;0.0;0.0;0.0;0.0;0.0
2019-03-31;0.0;0.0;0.0;0.0;0.0;0.0;0.0
2019-04-01;0.0;0.0;0.0;0.0;0.0;0.0;0.0
2019-04-02;0.0;0.0;0.0;0.0;0.0;0.0;0.0
2019-04-03;0.0;0.0;0.0;0.0;0.0;0.0;0.0
2019-04-04;0.0;0.0;0.0;0.0;0.0;0.0;0.0
2019-04-05;0.0;0.0;0.0;0.0;0.0;0.0;0.0
2019-04-06;0.0;0.0;0.0;0.0;0.0;0.0;0.0
2019-04-07;0.0;0.0;0.0;0.0;0.0;0.0;0.0
2019-04-08;0.0;0.0;0.0;0.0;0.0;0.0;0.0
2019-04-09;0.0;0.0;0.0;0.0;0.0;0.0;0.0
2019-04-10;0.0;0.0;0.0;0.0;0.0;0.0;0.0
2019-04-11;0.0;0.0;0.0;0.0;0.0;0.0;0.0
2019-04-12;0.0;0.0;0.0;0.0;0.0;0.0;0.0
2019-04-13;0.0;0.0;0.0;0.0;0.0;0.0;0.0
2019-04-14;0.0;0.0;0.0;0.0;0.0;0.0;0.0
2019-04-15;0.0;0.0;0.0;0.0;0.0;0.0;0.0
2019-04-16;0.0;0.0;0.0;0.0;0.0;0.0;0.0
2019-04-17;0.0;0.0;0.0;0.0;0.0;0.0;0.0
2019-04-18;0.0;0.0;0.0;0.0;0.0;0.0;0.0
2019-04-19;0.0;0.0;0.0;0.0;0.0;0.0;0.0
2019-04-20;0.0;0.0;0.0;0.0;0.0;0.0;0.0
2019-04-21;0.0;0.0;0.0;0.0;0.0;0.0;0.0
2019-04-22;0.0;0.0;0.0;0.0;0.0;0.0;0.0
2019-04-23;0.0;0.0;0.0;0.0;0.0;0.0;0.0
2019-04-24;0.0;0.0;0.0;0.0;0.0;0.0;0.0
2019-04-25;0.0;0.0;0.0;0.0;0.0;0.0;0.0
2019-04-26;0.0;0.0;0.0;0.0;0.0;0.0;0.0
2019-04-27;0.0;0.0;0.0;0.0;0.0;0.0;0.0
2019-04-28;0.0;0.0;0.0;0.0;0.0;0.0;0.0
2019-04-29;0.0;0.0;0.0;0.0;0.0;0.0;0.0
2019-04-30;0.0;0.0;0.0;0.0;0.0;0.0;0.0
2019-05-01;0.0;0.0;0.0;0.0;0.0;0.0;0.0
2019-05-02;0.0;0.0;0.0;0.0;0.0;0.0;0.0
2019-05-03;0.0;0.0;0.0;0.0;0.0;0.0;0.0
2019-05-04;0.0;0.0;0.0;0.0;0.0;0.0;0.0
2019-05-05;0.0;0.0;0.0;0.0;0.0;0.0;0.0
2019-05-06;0.0;0.0;0.0;0.0;0.0;0.0;0.0
2019-05-07;0.0;0.0;0.0;0.0;0.0;0.0;0.0
2019-05-08;0.0;0.0;0.0;0.0;0.0;0.0;0.0
2019-05-09;0.0;0.0;0.0;0.0;0.0;0.0;0.0
2019-05-10;0.0;0.0;0.0;0.0;0.0;0.0;0.0
2019-05-11;0.0;0.0;0.0;0.0;0.0;0.0;0.0
2019-05-12;0.0;0.0;0.0;0.0;0.0;0.0;0.0
2019-05-13;0.0;0.0;0.0;0.0;0.0;0.0;0.0
2019-05-14;0.0;0.0;0.0;0.0;0.0;0.0;0.0
2019-05-15;0.0;0.0;0.0;0.0;0.0;0.0;0.0
2019-05-16;0.0;0.0;0.0;0.0;0.0;0.0;0.0
2019-05-17;0.0;0.0;0.0;0.0;0.0;0.0;0.0
2019-05-18;0.0;0.0;0.0;0.0;0.0;0.0;0.0
2019-05-19;0.0;0.0;0.0;0.0;0.0;0.0;0.0
2019-05-20;0.0;0.0;0.0;0.0;0.0;0.0;0.0
2019-05-21;0.0;0.0;0.0;0.0;0.0;0.0;0.0
2019-05-22;0.0;0.0;0.0;0.0;0.0;0.0;0.0
2019-05-23;0.0;0.0;0.0;0.0;0.0;0.0;0.0
2019-05-24;0.0;0.0;0.0;0.0;0.0;0.0;0.0
2019-05-25;0.0;0.0;0.0;0.0;0.0;0.0;0.0
2019-05-26;0.0;0.0;0.0;0.0;0.0;0.0;0.0
2019-05-27;0.0;0.0;0.0;0.0;0.0;0.0;0.0
2019-05-28;0.0;0.0;0.0;0.0;0.0;0.0;0.0
2019-05-29;0.0;0.0;0.0;0.0;0.0;0.0;0.0
2019-05-30;0.0;0.0;0.0;0.0;0.0;0.0;0.0
2019-05-31;0.0;0.0;0.0;0.0;0.0;0.0;0.0
2019-06-01;0.0;0.0;0.0;0.0;0.0;0.0;0.0
2019-06-02;0.0;0.0;0.0;0.0;0.0;0.0;0.0
2019-06-03;0.0;0.0;0.0;0.0;0.0;0.0;0.0
2019-06-04;0.0;0.0;0.0;0.0;0.0;0.0;0.0
2019-06-05;0.0;0.0;0.0;0.0;0.0;0.0;0.0
2019-06-06;0.0;0.0;0.0;0.0;0.0;0.0;0.0
2019-06-07;0.0;0.0;0.0;0.0;0.0;0.0;0.0
2019-06-08;0.0;0.0;0.0;0.0;0.0;0.0;0.0
2019-06-09;0.0;0.0;0.0;0.0;0.0;0.0;0.0
2019-06-10;0.0;0.0;0.0;0.0;0.0;0.0;0.0
2019-06-11;0.0;0.0;0.0;0.0;0.0;0.0;0.0
2019-06-12;0.0;0.0;0.0;0.0;0.0;0.0;0.0
2019-06-13;0.0;0.0;0.0;0.0;0.0;0.0;0.0
2019-06-14;0.0;0.0;0.0;0.0;0.0;0.0;0.0
2019-06-15;0.0;0.0;0.0;0.0;0.0;0.0;0.0
2019-06-16;0.0;0.0;0.0;0.0;0.0;0.0;0.0
2019-06-17;0.0;0.0;0.0;0.0;0.0;0.0;0.0
2019-06-18;0.0;0.0;0.0;0.0;0.0;0.0;0.0
2019-06-19;0.0;0.0;0.0;0.0;0.0;0.0;0.0
2019-06-20;0.0;0.0;0.0;0.0;0.0;0.0;0.0
2019-06-21;0.0;0.0;0.0;0.0;0.0;0.0;0.0
2019-06-22;0.0;0.0;0.0;0.0;0.0;0.0;0.0
2019-06-23;0.0;0.0;0.0;0.0;0.0;0.0;0.0
2019-06-24;0.0;0.0;0.0;0.0;0.0;0.0;0.0
2019-06-25;0.0;0.0;0.0;0.0;0.0;0.0;0.0
2019-06-26;0.0;0.0;0.0;0.0;0.0;0.0;0.0
2019-06-27;0.0;0.0;0.0;0.0;0.0;0.0;0.0
2019-06-28;0.0;0.0;0.0;0.0;0.0;0.0;0.0
2019-06-29;0.0;0.0;0.0;0.0;0.0;0.0;0.0
2019-06-30;0.0;0.0;0.0;0.0;0.0;0.0;0.0
2019-07-01;0.0;0.0;0.0;0.0;0.0;0.0;0.0
2019-07-02;0.0;0.0;0.0;0.0;0.0;0.0;0.0
2019-07-03;0.0;0.0;0.0;0.0;0.0;0.0;0.0
2019-07-04;0.0;0.0;0.0;0.0;0.0;0.0;0.0
2019-07-05;0.0;0.0;0.0;0.0;0.0;0.0;0.0
2019-07-06;0.0;0.0;0.0;0.0;0.0;0.0;0.0
2019-07-07;0.0;0.0;0.0;0.0;0.0;0.0;0.0
2019-07-08;0.0;0.0;0.0;0.0;0.0;0.0;0.0
2019-07-09;0.0;0.0;0.0;0.0;0.0;0.0;0.0
2019-07-10;0.0;0.0;0.0;0.0;0.0;0.0;0.0
2019-07-11;0.0;0.0;0.0;0.0;0.0;0.0;0.0
2019-07-12;0.0;0.0;0.0;0.0;0.0;0.0;0.0
2019-07-13;0.0;0.0;0.0;0.0;0.0;0.0;0.0
2019-07-14;0.0;0.0;0.0;0.0;0.0;0.0;0.0
2019-07-15;1.6;0.0;0.0;0.0;0.0;0.0;0.0
2019-07-16;1.5835714285714286;0.0;0.0;0.0;0.0;0.0;0.0
2019-07-17;1.5671428571428572;0.0;0.0;0.0;0.0;0.0;0.0
2019-07-18;1.5507142857142857;0.0;0.0;0.0;0.0;0.0;0.0
2019-07-19;1.5342857142857143;0.0;0.0;0.0;0.0;0.0;0.0
2019-07-20;1.517857142857143;0.0;0.0;0.0;0.0;0.0;0.0
2019-07-21;1.5014285714285716;0.0;0.0;0.0;0.0;0.0;0.0
2019-07-22;1.485;0.0;0.0;0.0;0.0;0.0;0.0
2019-07-23;1.4685714285714286;0.0;0.0;0.0;0.0;0.0;0.0
2019-07-24;1.4521428571428572;0.0;0.0;0.0;0.0;0.0;0.0
2019-07-25;1.4357142857142857;0.0;0.0;0.0;0.0;0.0;0.0
2019-07-26;1.4192857142857143;0.0;0.0;0.0;0.0;0.0;0.0
2019-07-27;1.402857142857143;0.0;0.0;0.0;0.0;0.0;0.0
2019-07-28;1.3864285714285716;0.0;0.0;0.0;0.0;0.0;0.0
2019-07-29;1.37;0.0;0.0;0.0;0.0;0.0;0.0
2019-07-30;1.3535714285714286;0.0;0.0;0.0;0.0;0.0;0.0
2019-07-31;1.3371428571428572;0.0;0.0;0.0;0.0;0.0;0.0
2019-08-01;1.3207142857142857;0.0;0.0;0.0;0.0;0.0;0.0
2019-08-02;1.3042857142857143;0.0;0.0;0.0;0.0;0.0;0.0
2019-08-03;1.2878571428571428;0.0;0.0;0.0;0.0;0.0;0.0
2019-08-04;1.2714285714285714;0.0;0.0;0.0;0.0;0.0;0.0
2019-08-05;1.255;0.0;0.0;0.0;0.0;0.0;0.0
2019-08-06;1.2385714285714287;0.0;0.0;0.0;0.0;0.0;0.0
2019-08-07;1.2221428571428572;0.0;0.0;0.0;0.0;0.0;0.0
2019-08-08;1.2057142857142857;0.0;0.0;0.0;0.0;0.0;0.0
2019-08-09;1.1892857142857143;0.0;0.0;0.0;0.0;0.0;0.0
2019-08-10;1.1728571428571428;0.0;0.0;0.0;0.0;0.0;0.0
2019-08-11;1.1564285714285716;0.0;0.0;0.0;0.0;0.0;0.0
2019-08-12;1.1400000000000001;0.0;0.0;0.0;0.0;0.0;0.0
2019-08-13;1.1235714285714287;0.0;0.0;0.0;0.0;0.0;0.0
2019-08-14;1.1071428571428572;0.0;0.0;0.0;0.0;0.0;0.0
2019-08-15;1.0907142857142857;0.0;0.0;0.0;0.0;0.0;0.0
2019-08-16;1.0742857142857143;0.0;0.0;0.0;0.0;0.0;0.0
2019-08-17;1.0578571428571428;0.0;0.0;0.0;0.0;0.0;0.0
2019-08-18;1.0414285714285714;0.0;0.0;0.0;0.0;0.0;0.0
2019-08-19;1.025;0.0;0.0;0.0;0.0;0.0;0.0
2019-08-20;1.0085714285714285;0.0;0.0;0.0;0.0;0.0;0.0
2019-08-21;0.9921428571428571;0.0;0.0;0.0;0.0;0.0;0.0
2019-08-22;0.9757142857142858;0.0;0.0;0.0;0.0;0.0;0.0
2019-08-23;0.9592857142857143;0.0;0.0;0.0;0.0;0.0;0.0
2019-08-24;0.9428571428571428;0.0;0.0;0.0;0.0;0.0;0.0
2019-08-25;0.9264285714285714;0.0;0.0;0.0;0.0;0.0;0.0
2019-08-26;0.91;2.66;0.0;0.0;0.0;0.0;0.0
2019-08-27;0.9035714285714286;2.625714285714286;0.0;0.0;0.0;0.0;0.0
2019-08-28;0.8971428571428571;2.5914285714285716;0.0;0.0;0.0;0.0;0.0
2019-08-29;0.8907142857142858;2.5571428571428574;0.0;0.0;0.0;0.0;0.0
2019-08-30;0.8842857142857143;2.522857142857143;0.0;0.0;0.0;0.0;0.0
2019-08-31;0.8778571428571429;2.4885714285714284;0.0;0.0;0.0;0.0;0.0
2019-09-01;0.8714285714285714;2.454285714285714;0.0;0.0;0.0;0.0;0.0
2019-09-02;0.865;2.42;0.0;0.0;0.0;0.0;0.0
2019-09-03;0.8585714285714285;2.3857142857142857;0.0;0.0;0.0;0.0;0.0
2019-09-04;0.8521428571428572;2.3514285714285714;0.0;0.0;0.0;0.0;0.0
2019-09-05;0.8457142857142858;2.317142857142857;0.0;0.0;0.0;0.0;0.0
2019-09-06;0.8392857142857143;2.282857142857143;0.0;0.0;0.0;0.0;0.0
2019-09-07;0.8328571428571429;2.2485714285714287;0.0;0.0;0.0;0.0;0.0
2019-09-08;0.8264285714285714;2.2142857142857144;0.0;0.0;0.0;0.0;0.0
2019-09-09;0.8200000000000001;2.18;0.0;0.0;0.0;0.0;0.0
2019-09-10;0.8135714285714286;2.145714285714286;0.0;0.0;0.0;0.0;0.0
2019-09-11;0.8071428571428572;2.111428571428571;0.0;0.0;0.0;0.0;0.0
2019-09-12;0.8007142857142857;2.0771428571428574;0.0;0.0;0.0;0.0;0.0
2019-09-13;0.7942857142857143;2.0428571428571427;0.0;0.0;0.0;0.0;0.0
2019-09-14;0.7878571428571428;2.0085714285714285;0.0;0.0;0.0;0.0;0.0
2019-09-15;0.7814285714285714;1.9742857142857142;0.0;0.0;0.0;0.0;0.0
2019-09-16;0.775;1.94;0.0;0.0;0.0;0.0;0.0
2019-09-17;0.7685714285714286;1.9057142857142857;0.0;0.0;0.0;0.0;0.0
2019-09-18;0.7621428571428571;1.8714285714285714;0.0;0.0;0.0;0.0;0.0
2019-09-19;0.7557142857142857;1.8371428571428572;0.0;0.0;0.0;0.0;0.0
2019-09-20;0.7492857142857143;1.802857142857143;0.0;0.0;0.0;0.0;0.0
2019-09-21;0.7428571428571429;1.7685714285714285;0.0;0.0;0.0;0.0;0.0
2019-09-22;0.7364285714285714;1.7342857142857142;0.0;0.0;0.0;0.0;0.0
2019-09-23;0.73;1.7;0.0;0.0;0.0;0.0;0.0
2019-09-24;0.7221428571428571;1.7007142857142856;0.0;0.0;0.0;0.0;0.0
2019-09-25;0.7142857142857143;1.7014285714285713;0.0;0.0;0.0;0.0;0.0
2019-09-26;0.7064285714285714;1.7021428571428572;0.0;0.0;0.0;0.0;0.0
2019-09-27;0.6985714285714285;1.7028571428571428;0.0;0.0;0.0;0.0;0.0
2019-09-28;0.6907142857142857;1.7035714285714285;0.0;0.0;0.0;0.0;0.0
2019-09-29;0.6828571428571428;1.7042857142857142;0.0;0.0;0.0;0.0;0.0
2019-09-30;0.675;1.705;0.0;0.0;0.0;0.0;0.0
2019-10-01;0.6671428571428571;1.7057142857142857;0.0;0.0;0.0;0.0;0.0
2019-10-02;0.6592857142857143;1.7064285714285714;0.0;0.0;0.0;0.0;0.0
2019-10-03;0.6514285714285715;1.707142857142857;0.0;0.0;0.0;0.0;0.0
2019-10-04;0.6435714285714286;1.7078571428571427;0.0;0.0;0.0;0.0;0.0
2019-10-05;0.6357142857142857;1.7085714285714286;0.0;0.0;0.0;0.0;0.0
2019-10-06;0.6278571428571429;1.7092857142857143;0.0;0.0;0.0;0.0;0.0
2019-10-07;0.62;1.71;8.78;0.0;0.0;0.0;0.0
2019-10-08;0.6316666666666667;1.7142857142857142;8.834761904761905;0.0;0.0;0.0;0.0
2019-10-09;0.6433333333333333;1.7185714285714286;8.889523809523808;0.0;0.0;0.0;0.0
2019-10-10;0.655;1.7228571428571429;8.944285714285714;0.0;0.0;0.0;0.0
2019-10-11;0.6666666666666666;1.727142857142857;8.999047619047618;0.0;0.0;0.0;0.0
2019-10-12;0.6783333333333333;1.7314285714285713;9.053809523809523;0.0;0.0;0.0;0.0
2019-10-13;0.69;1.7357142857142858;9.108571428571429;0.0;0.0;0.0;0.0
2019-10-14;0.7016666666666667;1.74;9.163333333333332;0.0;0.0;0.0;0.0
2019-10-15;0.7133333333333334;1.7442857142857142;9.218095238095238;0.0;0.0;0.0;0.0
2019-10-16;0.725;1.7485714285714284;9.272857142857143;0.0;0.0;0.0;0.0
2019-10-17;0.7366666666666667;1.752857142857143;9.327619047619047;0.0;0.0;0.0;0.0
2019-10-18;0.7483333333333333;1.7571428571428571;9.382380952380952;0.0;0.0;0.0;0.0
2019-10-19;0.76;1.7614285714285713;9.437142857142856;0.0;0.0;0.0;0.0
2019-10-20;0.7716666666666667;1.7657142857142856;9.491904761904761;0.0;0.0;0.0;0.0
2019-10-21;0.7833333333333333;1.77;9.546666666666667;0.0;0.0;0.0;0.0
2019-10-22;0.795;1.7742857142857142;9.60142857142857;0.0;0.0;0.0;0.0
2019-10-23;0.8066666666666666;1.7785714285714285;9.656190476190476;0.0;0.0;0.0;0.0
2019-10-24;0.8183333333333334;1.7828571428571427;9.710952380952381;0.0;0.0;0.0;0.0
2019-10-25;0.8300000000000001;1.7871428571428571;9.765714285714285;0.0;0.0;0.0;0.0
2019-10-26;0.8416666666666667;1.7914285714285714;9.82047619047619;0.0;0.0;0.0;0.0
2019-10-27;0.8533333333333334;1.7957142857142856;9.875238095238094;0.0;0.0;0.0;0.0
2019-10-28;0.865;1.7999999999999998;9.93;0.0;0.0;0.0;0.0
2019-10-29;0.8766666666666667;1.8042857142857143;9.984761904761905;0.0;0.0;0.0;0.0
2019-10-30;0.8883333333333334;1.8085714285714285;10.039523809523809;0.0;0.0;0.0;0.0
2019-10-31;0.9;1.8128571428571427;10.094285714285714;0.0;0.0;0.0;0.0
2019-11-01;0.9116666666666667;1.8171428571428572;10.149047619047618;0.0;0.0;0.0;0.0
2019-11-02;0.9233333333333333;1.8214285714285714;10.203809523809523;0.0;0.0;0.0;0.0
2019-11-03;0.935;1.8257142857142856;10.258571428571429;0.0;0.0;0.0;0.0
2019-11-04;0.9466666666666668;1.8299999999999998;10.313333333333333;0.0;0.0;0.0;0.0
2019-11-05;0.9583333333333334;1.8342857142857143;10.368095238095238;0.0;0.0;0.0;0.0
2019-11-06;0.9700000000000001;1.8385714285714285;10.422857142857143;0.0;0.0;0.0;0.0
2019-11-07;0.9816666666666667;1.8428571428571427;10.477619047619047;0.0;0.0;0.0;0.0
2019-11-08;0.9933333333333334;1.847142857142857;10.532380952380953;0.0;0.0;0.0;0.0
2019-11-09;1.0050000000000001;1.8514285714285714;10.587142857142856;0.0;0.0;0.0;0.0
2019-11-10;1.0166666666666666;1.8557142857142856;10.641904761904762;0.0;0.0;0.0;0.0
2019-11-11;1.0283333333333333;1.8599999999999999;10.696666666666667;0.0;0.0;0.0;0.0
2019-11-12;1.04;1.864285714285714;10.751428571428571;0.0;0.0;0.0;0.0
2019-11-13;1.0516666666666667;1.8685714285714285;10.806190476190476;0.0;0.0;0.0;0.0
2019-11-14;1.0633333333333335;1.8728571428571428;10.86095238095238;0.0;0.0;0.0;0.0
2019-11-15;1.0750000000000002;1.877142857142857;10.915714285714285;0.0;0.0;0.0;0.0
2019-11-16;1.086666666666667;1.8814285714285712;10.970476190476191;0.0;0.0;0.0;0.0
2019-11-17;1.0983333333333334;1.8857142857142857;11.025238095238095;0.0;0.0;0.0;0.0
2019-11-18;1.11;1.89;11.08;0.0;0.0;0.0;0.0
2019-11-19;1.0950000000000002;1.89;11.105;0.0;0.0;0.0;0.0
2019-11-20;1.08;1.89;11.13;0.0;0.0;0.0;0.0
2019-11-21;1.0650000000000002;1.89;11.155;0.0;0.0;0.0;0.0
2019-11-22;1.05;1.89;11.18;0.0;0.0;0.0;0.0
2019-11-23;1.0350000000000001;1.89;11.205;0.0;0.0;0.0;0.0
2019-11-24;1.02;1.89;11.23;0.0;0.0;0.0;0.0
2019-11-25;1.0050000000000001;1.89;11.254999999999999;0.0;0.0;0.0;0.0
2019-11-26;0.9900000000000001;1.89;11.28;0.0;0.0;0.0;0.0
2019-11-27;0.9750000000000001;1.89;11.305;0.0;0.0;0.0;0.0
2019-11-28;0.9600000000000001;1.89;11.33;0.0;0.0;0.0;0.0
2019-11-29;0.9450000000000001;1.89;11.355;0.0;0.0;0.0;0.0
2019-11-30;0.93;1.89;11.379999999999999;0.0;0.0;0.0;0.0
2019-12-01;0.915;1.89;11.405;0.0;0.0;0.0;0.0
2019-12-02;0.9;1.89;11.43;0.0;0.0;0.0;0.0
2019-12-03;0.91;1.8164285714285713;11.14;0.0;0.0;0.0;0.0
2019-12-04;0.92;1.7428571428571429;10.85;0.0;0.0;0.0;0.0
2019-12-05;0.93;1.6692857142857143;10.56;0.0;0.0;0.0;0.0
2019-12-06;0.9400000000000001;1.5957142857142856;10.27;0.0;0.0;0.0;0.0
2019-12-07;0.9500000000000001;1.5221428571428572;9.98;0.0;0.0;0.0;0.0
2019-12-08;0.96;1.4485714285714286;9.69;0.0;0.0;0.0;0.0
2019-12-09;0.97;1.375;9.4;0.0;0.0;0.0;0.0
2019-12-10;0.98;1.3014285714285716;9.11;0.0;0.0;0.0;0.0
2019-12-11;0.99;1.227857142857143;8.82;0.0;0.0;0.0;0.0
2019-12-12;1.0;1.1542857142857144;8.53;0.0;0.0;0.0;0.0
2019-12-13;1.01;1.080714285714286;8.24;0.0;0.0;0.0;0.0
2019-12-14;1.02;1.0071428571428573;7.95;0.0;0.0;0.0;0.0
2019-12-15;1.03;0.9335714285714287;7.66;0.0;0.0;0.0;0.0
2019-12-16;1.04;0.86;7.37;0.0;0.0;0.0;0.0
2019-12-17;1.0132142857142858;0.855;7.1325;0.0;0.0;0.0;0.0
2019-12-18;0.9864285714285714;0.85;6.8950000000000005;0.0;0.0;0.0;0.0
2019-12-19;0.9596428571428572;0.845;6.6575;0.0;0.0;0.0;0.0
2019-12-20;0.9328571428571429;0.84;6.42;0.0;0.0;0.0;0.0
2019-12-21;0.9060714285714286;0.835;6.1825;0.0;0.0;0.0;0.0
2019-12-22;0.8792857142857143;0.83;5.945;0.0;0.0;0.0;0.0
2019-12-23;0.8525;0.825;5.7075;0.0;0.0;0.0;0.0
2019-12-24;0.8257142857142857;0.82;5.47;0.0;0.0;0.0;0.0
2019-12-25;0.7989285714285714;0.815;5.2325;0.0;0.0;0.0;0.0
2019-12-26;0.7721428571428572;0.8099999999999999;4.995;0.0;0.0;0.0;0.0
2019-12-27;0.7453571428571428;0.8049999999999999;4.7575;0.0;0.0;0.0;0.0
2019-12-28;0.7185714285714286;0.8;4.52;0.0;0.0;0.0;0.0
2019-12-29;0.6917857142857143;0.7949999999999999;4.2825;0.0;0.0;0.0;0.0
2019-12-30;0.665;0.79;4.045;0.0;0.0;0.0;0.0
2019-12-31;0.6382142857142858;0.785;3.8074999999999997;0.0;0.0;0.0;0.0
2020-01-01;0.6114285714285714;0.78;3.57;0.0;0.0;0.0;0.0
2020-01-02;0.5846428571428572;0.775;3.3324999999999996;0.0;0.0;0.0;0.0
2020-01-03;0.5578571428571429;0.77;3.0949999999999998;0.0;0.0;0.0;0.0
2020-01-04;0.5310714285714286;0.765;2.8575;0.0;0.0;0.0;0.0
2020-01-05;0.5042857142857143;0.76;2.62;0.0;0.0;0.0;0.0
2020-01-06;0.47750000000000004;0.755;2.3824999999999994;0.0;0.0;0.0;0.0
2020-01-07;0.45071428571428573;0.75;2.1449999999999996;0.0;0.0;0.0;0.0
2020-01-08;0.42392857142857154;0.745;1.9074999999999998;0.0;0.0;0.0;0.0
2020-01-09;0.39714285714285724;0.74;1.67;0.0;0.0;0.0;0.0
2020-01-10;0.37035714285714294;0.735;1.4325;0.0;0.0;0.0;0.0
2020-01-11;0.34357142857142864;0.73;1.1949999999999994;0.0;0.0;0.0;0.0
2020-01-12;0.31678571428571434;0.725;0.9574999999999996;0.0;0.0;0.0;0.0
2020-01-13;0.29;0.72;0.72;0.0;0.0;0.0;0.0
2020-01-14;0.37285714285714283;0.7578571428571428;1.7364285714285712;0.0;0.0;0.0;0.0
2020-01-15;0.4557142857142857;0.7957142857142857;2.7528571428571427;0.0;0.0;0.0;0.0
2020-01-16;0.5385714285714285;0.8335714285714285;3.7692857142857132;0.0;0.0;0.0;0.0
2020-01-17;0.6214285714285714;0.8714285714285714;4.785714285714285;0.0;0.0;0.0;0.0
2020-01-18;0.7042857142857142;0.9092857142857143;5.802142857142856;0.0;0.0;0.0;0.0
2020-01-19;0.7871428571428571;0.9471428571428571;6.818571428571427;0.0;0.0;0.0;0.0
2020-01-20;0.8699999999999999;0.985;7.834999999999998;0.0;0.0;0.0;0.0
2020-01-21;0.9528571428571428;1.022857142857143;8.85142857142857;0.0;0.0;0.0;0.0
2020-01-22;1.0357142857142856;1.0607142857142857;9.867857142857142;0.0;0.0;0.0;0.0
2020-01-23;1.1185714285714285;1.0985714285714285;10.884285714285713;0.0;0.0;0.0;0.0
2020-01-24;1.2014285714285713;1.1364285714285716;11.900714285714285;0.0;0.0;0.0;0.0
2020-01-25;1.2842857142857143;1.1742857142857144;12.917142857142855;0.0;0.0;0.0;0.0
2020-01-26;1.367142857142857;1.2121428571428572;13.933571428571426;0.0;0.0;0.0;0.0
2020-01-27;1.45;1.25;14.95;7.85;0.0;0.0;0.0
2020-01-28;1.52;1.2415384615384615;14.28153846153846;8.556923076923077;0.0;0.0;0.0
2020-01-29;1.5899999999999999;1.233076923076923;13.613076923076923;9.263846153846153;0.0;0.0;0.0
2020-01-30;1.66;1.2246153846153847;12.944615384615384;9.97076923076923;0.0;0.0;0.0
2020-01-31;1.73;1.2161538461538461;12.276153846153846;10.677692307692308;0.0;0.0;0.0
2020-02-01;1.7999999999999998;1.2076923076923076;11.607692307692307;11.384615384615383;0.0;0.0;0.0
2020-02-02;1.8699999999999999;1.199230769230769;10.939230769230768;12.09153846153846;0.0;0.0;0.0
2020-02-03;1.94;1.1907692307692308;10.270769230769229;12.798461538461538;0.0;0.0;0.0
2020-02-04;2.01;1.1823076923076923;9.602307692307692;13.505384615384614;0.0;0.0;0.0
2020-02-05;2.08;1.1738461538461538;8.933846153846154;14.212307692307691;0.0;0.0;0.0
2020-02-06;2.15;1.1653846153846152;8.265384615384615;14.919230769230769;0.0;0.0;0.0
2020-02-07;2.2199999999999998;1.156923076923077;7.596923076923076;15.626153846153844;0.0;0.0;0.0
2020-02-08;2.29;1.1484615384615384;6.928461538461537;16.333076923076923;0.0;0.0;0.0
2020-02-09;2.36;1.14;6.26;17.04;0.0;0.0;0.0
2020-02-10;2.3369999999999997;1.0979999999999999;6.278;17.528499999999998;0.0;0.0;0.0
2020-02-11;2.314;1.0559999999999998;6.295999999999999;18.017;0.0;0.0;0.0
2020-02-12;2.291;1.0139999999999998;6.314;18.505499999999998;0.0;0.0;0.0
2020-02-13;2.268;0.972;6.332;18.994;0.0;0.0;0.0
2020-02-14;2.245;0.9299999999999999;6.35;19.482499999999998;0.0;0.0;0.0
2020-02-15;2.222;0.8879999999999999;6.368;19.971;0.0;0.0;0.0
2020-02-16;2.199;0.8459999999999999;6.386;20.4595;0.0;0.0;0.0
2020-02-17;2.1759999999999997;0.8039999999999999;6.404;20.948;0.0;0.0;0.0
2020-02-18;2.153;0.762;6.422;21.4365;0.0;0.0;0.0
2020-02-19;2.13;0.72;6.4399999999999995;21.924999999999997;0.0;0.0;0.0
2020-02-20;2.1069999999999998;0.6779999999999999;6.458;22.4135;0.0;0.0;0.0
2020-02-21;2.0839999999999996;0.6359999999999999;6.476;22.902;0.0;0.0;0.0
2020-02-22;2.061;0.594;6.494;23.3905;0.0;0.0;0.0
2020-02-23;2.038;0.5519999999999999;6.5120000000000005;23.878999999999998;0.0;0.0;0.0
2020-02-24;2.0149999999999997;0.51;6.53;24.3675;0.0;0.0;0.0
2020-02-25;1.992;0.46799999999999997;6.548;24.855999999999998;0.0;0.0;0.0
2020-02-26;1.9689999999999999;0.42599999999999993;6.566;25.344499999999996;0.0;0.0;0.0
2020-02-27;1.946;0.384;6.584;25.833;0.0;0.0;0.0
2020-02-28;1.9229999999999998;0.34199999999999997;6.602;26.3215;0.0;0.0;0.0
2020-02-29;1.9;0.3;6.62;26.81;0.0;0.0;0.0
2020-03-01;1.8530434782608696;0.4888888888888889;6.4511111111111115;24.92111111111111;0.0;0.0;0.0
2020-03-02;1.806086956521739;0.6777777777777778;6.282222222222222;23.03222222222222;0.0;0.0;0.0
2020-03-03;1.7591304347826087;0.8666666666666667;6.113333333333333;21.14333333333333;0.0;0.0;0.0
2020-03-04;1.712173913043478;1.0555555555555556;5.944444444444445;19.254444444444445;0.0;0.0;0.0
2020-03-05;1.6652173913043478;1.2444444444444445;5.775555555555555;17.365555555555552;0.0;0.0;0.0
2020-03-06;1.6182608695652174;1.4333333333333333;5.6066666666666665;15.476666666666667;0.0;0.0;0.0
2020-03-07;1.5713043478260869;1.6222222222222222;5.437777777777777;13.587777777777777;0.0;0.0;0.0
2020-03-08;1.5243478260869563;1.8111111111111111;5.268888888888888;11.698888888888888;0.0;0.0;0.0
2020-03-09;1.477391304347826;2.0;5.1;9.81;0.0;0.0;0.0
2020-03-10;1.4304347826086956;2.0085714285714285;5.357857142857142;10.140714285714287;0.0;0.0;0.0
2020-03-11;1.383478260869565;2.0171428571428573;5.615714285714286;10.471428571428572;0.0;0.0;0.0
2020-03-12;1.3365217391304347;2.025714285714286;5.873571428571428;10.802142857142858;0.0;0.0;0.0
2020-03-13;1.2895652173913041;2.0342857142857143;6.131428571428572;11.132857142857143;0.0;0.0;0.0
2020-03-14;1.2426086956521738;2.0428571428571427;6.389285714285714;11.463571428571429;0.0;0.0;0.0
2020-03-15;1.1956521739130435;2.0514285714285716;6.647142857142857;11.794285714285714;0.0;0.0;0.0
2020-03-16;1.148695652173913;2.06;6.905;12.125;0.0;0.0;0.0
2020-03-17;1.1017391304347823;2.0685714285714285;7.162857142857144;12.455714285714286;0.0;0.0;0.0
2020-03-18;1.054782608695652;2.0771428571428574;7.420714285714286;12.786428571428571;0.0;0.0;0.0
2020-03-19;1.0078260869565216;2.085714285714286;7.678571428571429;13.117142857142856;0.0;0.0;0.0
2020-03-20;0.9608695652173911;2.0942857142857143;7.936428571428572;13.447857142857142;0.0;0.0;0.0
2020-03-21;0.9139130434782607;2.1028571428571428;8.194285714285716;13.778571428571428;0.0;0.0;0.0
2020-03-22;0.8669565217391302;2.1114285714285717;8.452142857142858;14.109285714285715;0.0;0.0;0.0
2020-03-23;0.82;2.12;8.71;14.44;0.3;0.0;0.0
2020-03-24;0.8999999999999999;2.147857142857143;9.0075;14.815714285714286;0.32285714285714284;0.0;0.0
2020-03-25;0.98;2.1757142857142857;9.305000000000001;15.19142857142857;0.3457142857142857;0.0;0.0
2020-03-26;1.06;2.2035714285714287;9.602500000000001;15.567142857142857;0.36857142857142855;0.0;0.0
2020-03-27;1.14;2.2314285714285713;9.9;15.942857142857143;0.3914285714285714;0.0;0.0
2020-03-28;1.22;2.2592857142857143;10.1975;16.318571428571428;0.41428571428571426;0.0;0.0
2020-03-29;1.2999999999999998;2.287142857142857;10.495000000000001;16.694285714285712;0.43714285714285717;0.0;0.0
2020-03-30;1.38;2.315;10.7925;17.07;0.45999999999999996;0.0;0.0
2020-03-31;1.46;2.342857142857143;11.09;17.445714285714285;0.4828571428571429;0.0;0.0
2020-04-01;1.54;2.3707142857142856;11.3875;17.82142857142857;0.5057142857142857;0.0;0.0
2020-04-02;1.62;2.3985714285714286;11.685;18.197142857142858;0.5285714285714286;0.0;0.0
2020-04-03;1.7;2.426428571428571;11.9825;18.572857142857142;0.5514285714285714;0.0;0.0
2020-04-04;1.7799999999999998;2.454285714285714;12.280000000000001;18.948571428571427;0.5742857142857143;0.0;0.0
2020-04-05;1.8599999999999999;2.4821428571428568;12.5775;19.324285714285715;0.5971428571428572;0.0;0.0
2020-04-06;1.94;2.51;12.875;19.7;0.62;0.0;0.0
2020-04-07;2.105;2.5128571428571425;13.1725;19.540714285714284;0.6321428571428571;0.0;0.0
2020-04-08;2.27;2.5157142857142856;13.469999999999999;19.38142857142857;0.6442857142857142;0.0;0.0
2020-04-09;2.435;2.5185714285714282;13.7675;19.222142857142856;0.6564285714285715;0.0;0.0
2020-04-10;2.6;2.5214285714285714;14.065;19.06285714285714;0.6685714285714286;0.0;0.0
2020-04-11;2.765;2.524285714285714;14.3625;18.90357142857143;0.6807142857142857;0.0;0.0
2020-04-12;2.9299999999999997;2.527142857142857;14.66;18.744285714285713;0.6928571428571428;0.0;0.0
2020-04-13;3.0949999999999998;2.53;14.9575;18.585;0.7050000000000001;0.0;0.0
2020-04-14;3.26;2.5328571428571425;15.254999999999999;18.425714285714285;0.7171428571428572;0.0;0.0
2020-04-15;3.425;2.5357142857142856;15.552499999999998;18.26642857142857;0.7292857142857143;0.0;0.0
2020-04-16;3.59;2.5385714285714283;15.85;18.107142857142858;0.7414285714285714;0.0;0.0
2020-04-17;3.755;2.5414285714285714;16.1475;17.947857142857142;0.7535714285714286;0.0;0.0
2020-04-18;3.92;2.544285714285714;16.445;17.788571428571426;0.7657142857142858;0.0;0.0
2020-04-19;4.085;2.547142857142857;16.7425;17.629285714285714;0.7778571428571429;0.0;0.0
2020-04-20;4.25;2.55;17.04;17.47;0.79;0.0;0.0
2020-04-21;3.495;3.665;16.115;17.765;0.7335714285714287;0.0;0.0
2020-04-22;2.74;4.78;15.19;18.06;0.6771428571428572;0.0;0.0
2020-04-23;2.8150000000000004;4.559166666666667;14.69;18.174999999999997;0.6207142857142858;0.0;0.0
2020-04-24;2.89;4.338333333333334;14.19;18.29;0.5642857142857143;0.0;0.0
2020-04-25;2.9650000000000003;4.1175;13.69;18.405;0.5078571428571429;0.0;0.0
2020-04-26;3.04;3.896666666666667;13.19;18.52;0.45142857142857146;0.0;0.0
2020-04-27;3.115;3.6758333333333333;12.69;18.634999999999998;0.395;0.0;0.0
2020-04-28;3.1900000000000004;3.455;12.19;18.75;0.3385714285714286;0.0;0.0
2020-04-29;3.265;3.234166666666667;11.69;18.865000000000002;0.28214285714285714;0.0;0.0
2020-04-30;3.3400000000000003;3.0133333333333336;11.19;18.98;0.22571428571428576;0.0;0.0
2020-05-01;3.415;2.7925;10.69;19.095;0.16928571428571426;0.0;0.0
2020-05-02;3.49;2.5716666666666668;10.19;19.21;0.11285714285714288;0.0;0.0
2020-05-03;3.5650000000000004;2.3508333333333336;9.69;19.325000000000003;0.056428571428571384;0.0;0.0
2020-05-04;3.64;2.13;9.19;19.44;0.0;0.0;0.0
2020-05-05;3.557857142857143;2.1235714285714287;8.859285714285713;19.74857142857143;0.0;0.0;0.0
2020-05-06;3.475714285714286;2.117142857142857;8.528571428571428;20.057142857142857;0.0;0.0;0.0
2020-05-07;3.3935714285714287;2.1107142857142858;8.197857142857142;20.365714285714287;0.0;0.0;0.0
2020-05-08;3.3114285714285714;2.104285714285714;7.8671428571428565;20.674285714285716;0.0;0.0;0.0
2020-05-09;3.2292857142857145;2.097857142857143;7.536428571428571;20.982857142857146;0.0;0.0;0.0
2020-05-10;3.1471428571428572;2.091428571428571;7.2057142857142855;21.291428571428572;0.0;0.0;0.0
2020-05-11;3.0650000000000004;2.085;6.875;21.6;0.0;0.0;0.0
2020-05-12;2.982857142857143;2.0785714285714287;6.544285714285714;21.90857142857143;0.0;0.0;0.0
2020-05-13;2.900714285714286;2.072142857142857;6.213571428571429;22.21714285714286;0.0;0.0;0.0
2020-05-14;2.8185714285714285;2.065714285714286;5.882857142857143;22.525714285714287;0.0;0.0;0.0
2020-05-15;2.7364285714285717;2.059285714285714;5.552142857142857;22.834285714285716;0.0;0.0;0.0
2020-05-16;2.6542857142857144;2.052857142857143;5.2214285714285715;23.142857142857146;0.0;0.0;0.0
2020-05-17;2.5721428571428575;2.0464285714285713;4.890714285714286;23.451428571428572;0.0;0.0;0.0
2020-05-18;2.49;2.04;4.56;23.76;0.0;0.0;0.0
2020-05-19;2.4171428571428573;1.9857142857142858;4.777142857142857;23.60857142857143;0.05357142857142857;0.0;0.0
2020-05-20;2.3442857142857143;1.9314285714285715;4.994285714285714;23.45714285714286;0.10714285714285714;0.0;0.0
2020-05-21;2.271428571428572;1.8771428571428572;5.211428571428571;23.305714285714288;0.1607142857142857;0.0;0.0
2020-05-22;2.198571428571429;1.822857142857143;5.428571428571428;23.154285714285717;0.21428571428571427;0.0;0.0
2020-05-23;2.125714285714286;1.7685714285714287;5.645714285714285;23.002857142857145;0.26785714285714285;0.0;0.0
2020-05-24;2.052857142857143;1.7142857142857144;5.862857142857143;22.851428571428574;0.3214285714285714;0.0;0.0
2020-05-25;1.98;1.6600000000000001;6.08;22.700000000000003;0.375;0.0;0.0
2020-05-26;1.9071428571428573;1.6057142857142859;6.297142857142857;22.548571428571428;0.42857142857142855;0.0;0.0
2020-05-27;1.8342857142857145;1.5514285714285716;6.514285714285714;22.397142857142857;0.4821428571428571;0.0;0.0
2020-05-28;1.7614285714285716;1.4971428571428573;6.731428571428571;22.245714285714286;0.5357142857142857;0.0;0.0
2020-05-29;1.6885714285714286;1.442857142857143;6.948571428571428;22.094285714285714;0.5892857142857143;0.0;0.0
2020-05-30;1.6157142857142857;1.3885714285714286;7.1657142857142855;21.942857142857143;0.6428571428571428;0.0;0.0
2020-05-31;1.542857142857143;1.3342857142857143;7.382857142857143;21.791428571428572;0.6964285714285714;0.0;0.0
2020-06-01;1.47;1.28;7.6;21.64;0.75;0.0;0.0
2020-06-02;1.47;1.28;7.6;21.64;0.75;0.0;0.0
2020-06-03;1.47;1.28;7.6;21.64;0.75;0.0;0.0
2020-06-04;1.47;1.28;7.6;21.64;0.75;0.0;0.0
2020-06-05;1.47;1.28;7.6;21.64;0.75;0.0;0.0
2020-06-06;1.47;1.28;7.6;21.64;0.75;0.0;0.0
2020-06-07;1.47;1.28;7.6;21.64;0.75;0.0;0.0
2020-06-08;1.47;1.28;7.6;21.64;0.75;0.0;0.0
2020-06-09;1.47;1.28;7.6;21.64;0.75;0.0;0.0
2020-06-10;1.47;1.28;7.6;21.64;0.75;0.0;0.0
2020-06-11;1.47;1.28;7.6;21.64;0.75;0.0;0.0
2020-06-12;1.47;1.28;7.6;21.64;0.75;0.0;0.0
2020-06-13;1.47;1.28;7.6;21.64;0.75;0.0;0.0
2020-06-14;1.47;1.28;7.6;21.64;0.75;0.0;0.0
2020-06-15;1.47;1.28;7.6;21.64;0.75;0.0;0.0
2020-06-16;1.645;1.312857142857143;7.072857142857142;21.896428571428572;0.7335714285714285;0.0;0.0
2020-06-17;1.82;1.3457142857142856;6.545714285714285;22.152857142857144;0.7171428571428572;0.0;0.0
2020-06-18;1.995;1.3785714285714286;6.018571428571429;22.409285714285716;0.7007142857142857;0.0;0.0
2020-06-19;2.17;1.4114285714285715;5.491428571428571;22.665714285714287;0.6842857142857143;0.0;0.0
2020-06-20;2.345;1.4442857142857144;4.9642857142857135;22.92214285714286;0.6678571428571428;0.0;0.0
2020-06-21;2.52;1.477142857142857;4.437142857142857;23.17857142857143;0.6514285714285715;0.0;0.0
2020-06-22;2.6950000000000003;1.51;3.9099999999999997;23.435;0.635;0.0;0.0
2020-06-23;2.87;1.542857142857143;3.3828571428571426;23.69142857142857;0.6185714285714285;0.0;0.0
2020-06-24;3.045;1.5757142857142856;2.855714285714285;23.947857142857142;0.6021428571428571;0.0;0.0
2020-06-25;3.22;1.6085714285714285;2.3285714285714283;24.204285714285714;0.5857142857142857;0.0;0.0
2020-06-26;3.3950000000000005;1.6414285714285715;1.8014285714285716;24.460714285714285;0.5692857142857143;0.0;0.0
2020-06-27;3.5700000000000003;1.6742857142857144;1.274285714285714;24.717142857142857;0.5528571428571429;0.0;0.0
2020-06-28;3.745;1.707142857142857;0.7471428571428564;24.97357142857143;0.5364285714285715;0.0;0.0
2020-06-29;3.92;1.74;0.22;25.23;0.52;0.0;0.0
2020-06-30;3.8133333333333335;1.7377777777777779;0.22066666666666668;24.736666666666668;0.5413333333333333;0.0;0.0
2020-07-01;3.7066666666666666;1.7355555555555555;0.22133333333333333;24.243333333333332;0.5626666666666666;0.0;0.0
2020-07-02;3.6;1.7333333333333334;0.222;23.75;0.584;0.0;0.0
2020-07-03;3.493333333333333;1.731111111111111;0.22266666666666668;23.256666666666668;0.6053333333333333;0.0;0.0
2020-07-04;3.3866666666666667;1.728888888888889;0.22333333333333333;22.763333333333332;0.6266666666666667;0.0;0.0
2020-07-05;3.2800000000000002;1.7266666666666666;0.224;22.27;0.648;0.0;0.0
2020-07-06;3.1733333333333333;1.7244444444444444;0.22466666666666668;21.776666666666667;0.6693333333333333;0.0;0.0
2020-07-07;3.0666666666666664;1.722222222222222;0.22533333333333333;21.28333333333333;0.6906666666666667;0.0;0.0
2020-07-08;2.96;1.72;0.226;20.79;0.712;0.0;0.0
2020-07-09;2.8533333333333335;1.7177777777777778;0.22666666666666668;20.296666666666667;0.7333333333333333;0.0;0.0
2020-07-10;2.7466666666666666;1.7155555555555555;0.22733333333333333;19.803333333333335;0.7546666666666666;0.0;0.0
2020-07-11;2.64;1.7133333333333334;0.228;19.31;0.776;0.0;0.0
2020-07-12;2.533333333333333;1.711111111111111;0.22866666666666668;18.816666666666666;0.7973333333333332;0.0;0.0
2020-07-13;2.4266666666666667;1.708888888888889;0.22933333333333333;18.32333333333333;0.8186666666666667;0.0;0.0
2020-07-14;2.3200000000000003;1.7066666666666666;0.23;17.83;0.84;0.0;0.0
2020-07-15;2.2133333333333334;1.7044444444444444;0.5946153846153845;17.57923076923077;0.9115384615384615;0.0;0.0
2020-07-16;2.1066666666666665;1.702222222222222;0.9592307692307691;17.328461538461536;0.9830769230769231;0.0;0.0
2020-07-17;2.0;1.7;1.3238461538461537;17.077692307692306;1.0546153846153845;0.0;0.0
2020-07-18;2.088;1.7489999999999999;1.6884615384615382;16.826923076923077;1.126153846153846;0.0;0.0
2020-07-19;2.176;1.798;2.053076923076923;16.576153846153844;1.1976923076923076;0.0;0.0
2020-07-20;2.2640000000000002;1.847;2.4176923076923074;16.325384615384614;1.2692307692307692;0.0;0.0
2020-07-21;2.352;1.896;2.782307692307692;16.074615384615385;1.3407692307692307;0.0;0.0
2020-07-22;2.44;1.9449999999999998;3.1469230769230765;15.823846153846153;1.4123076923076923;0.0;0.0
2020-07-23;2.528;1.994;3.511538461538461;15.573076923076922;1.4838461538461538;0.0;0.0
2020-07-24;2.616;2.043;3.8761538461538456;15.322307692307692;1.5553846153846154;0.0;0.0
2020-07-25;2.7039999999999997;2.092;4.240769230769231;15.071538461538461;1.626923076923077;0.0;0.0
2020-07-26;2.792;2.141;4.605384615384615;14.82076923076923;1.6984615384615385;0.0;0.0
2020-07-27;2.88;2.19;4.97;14.57;1.77;2.91;0.0
2020-07-28;2.795714285714286;2.1385714285714283;5.057142857142857;14.61;1.6857142857142857;3.138571428571429;0.0
2020-07-29;2.7114285714285713;2.087142857142857;5.144285714285714;14.65;1.6014285714285714;3.3671428571428574;0.0
2020-07-30;2.6271428571428572;2.0357142857142856;5.231428571428571;14.690000000000001;1.5171428571428571;3.595714285714286;0.0
2020-07-31;2.5428571428571427;1.9842857142857142;5.3185714285714285;14.73;1.4328571428571428;3.8242857142857147;0.0
2020-08-01;2.4585714285714286;1.9328571428571428;5.405714285714286;14.77;1.3485714285714285;4.052857142857143;0.0
2020-08-02;2.374285714285714;1.8814285714285715;5.492857142857143;14.81;1.2642857142857142;4.281428571428572;0.0
2020-08-03;2.29;1.83;5.58;14.850000000000001;1.18;4.51;0.0
2020-08-04;2.2057142857142855;1.7785714285714285;5.667142857142857;14.89;1.0957142857142856;4.738571428571429;0.0
2020-08-05;2.1214285714285714;1.727142857142857;5.7542857142857144;14.93;1.0114285714285713;4.967142857142857;0.0
2020-08-06;2.037142857142857;1.6757142857142857;5.841428571428572;14.97;0.927142857142857;5.195714285714287;0.0
2020-08-07;1.9528571428571428;1.624285714285714;5.928571428571429;15.010000000000002;0.8428571428571427;5.424285714285714;0.0
2020-08-08;1.8685714285714285;1.572857142857143;6.015714285714286;15.05;0.7585714285714285;5.652857142857143;0.0
2020-08-09;1.7842857142857143;1.5214285714285714;6.102857142857143;15.09;0.6742857142857142;5.881428571428572;0.0
2020-08-10;1.7;1.47;6.19;15.13;0.59;6.11;0.0
2020-08-11;1.6878571428571427;1.5007142857142857;6.126428571428572;15.120714285714286;0.6664285714285714;6.038571428571429;0.0
2020-08-12;1.6757142857142857;1.5314285714285714;6.062857142857143;15.111428571428572;0.7428571428571428;5.967142857142857;0.0
2020-08-13;1.6635714285714285;1.562142857142857;5.9992857142857146;15.102142857142859;0.8192857142857142;5.895714285714286;0.0
2020-08-14;1.6514285714285715;1.5928571428571427;5.935714285714286;15.092857142857143;0.8957142857142857;5.824285714285715;0.0
2020-08-15;1.6392857142857142;1.6235714285714284;5.872142857142857;15.083571428571428;0.972142857142857;5.752857142857144;0.0
2020-08-16;1.6271428571428572;1.6542857142857144;5.808571428571429;15.074285714285715;1.0485714285714285;5.6814285714285715;0.0
2020-08-17;1.615;1.685;5.745;15.065000000000001;1.125;5.61;0.0
2020-08-18;1.6028571428571428;1.7157142857142857;5.6814285714285715;15.055714285714286;1.2014285714285713;5.538571428571429;0.0
2020-08-19;1.5907142857142857;1.7464285714285714;5.617857142857143;15.04642857142857;1.2778571428571426;5.467142857142857;0.0
2020-08-20;1.5785714285714285;1.7771428571428571;5.554285714285714;15.037142857142857;1.354285714285714;5.395714285714286;0.0
2020-08-21;1.5664285714285715;1.8078571428571428;5.490714285714286;15.027857142857144;1.4307142857142856;5.324285714285715;0.0
2020-08-22;1.5542857142857143;1.8385714285714285;5.427142857142857;15.018571428571429;1.5071428571428571;5.252857142857144;0.0
2020-08-23;1.5421428571428573;1.8692857142857142;5.363571428571428;15.009285714285713;1.5835714285714284;5.1814285714285715;0.0
2020-08-24;1.53;1.9;5.3;15.0;1.66;5.11;0.0
2020-08-25;1.5285714285714287;1.897142857142857;5.241428571428571;14.961428571428572;2.927142857142857;5.488571428571429;0.0
2020-08-26;1.5271428571428571;1.8942857142857141;5.182857142857142;14.922857142857143;4.194285714285714;5.867142857142857;0.0
2020-08-27;1.5257142857142858;1.8914285714285715;5.1242857142857146;14.884285714285715;5.461428571428572;6.2457142857142856;0.0
2020-08-28;1.5242857142857142;1.8885714285714286;5.065714285714286;14.845714285714285;6.728571428571429;6.6242857142857146;0.0
2020-08-29;1.522857142857143;1.8857142857142857;5.007142857142857;14.807142857142857;7.9957142857142856;7.002857142857144;0.0
2020-08-30;1.5214285714285714;1.8828571428571428;4.948571428571428;14.768571428571429;9.262857142857143;7.381428571428572;0.0
2020-08-31;1.52;1.88;4.890000000000001;14.73;10.53;7.76;0.0
2020-09-01;1.5185714285714287;1.8771428571428572;4.831428571428572;14.691428571428572;11.797142857142857;8.138571428571428;0.0
2020-09-02;1.5171428571428571;1.8742857142857143;4.772857142857143;14.652857142857144;13.064285714285715;8.517142857142858;0.0
2020-09-03;1.5157142857142858;1.8714285714285714;4.714285714285714;14.614285714285716;14.331428571428571;8.895714285714286;0.0
2020-09-04;1.5142857142857142;1.8685714285714285;4.655714285714286;14.575714285714286;15.598571428571429;9.274285714285714;0.0
2020-09-05;1.512857142857143;1.8657142857142859;4.597142857142858;14.537142857142857;16.865714285714287;9.652857142857144;0.0
2020-09-06;1.5114285714285713;1.862857142857143;4.538571428571429;14.498571428571429;18.132857142857144;10.03142857142857;0.0
2020-09-07;1.51;1.86;4.48;14.46;19.4;10.41;0.0
2020-09-08;1.5257142857142858;1.84;4.583571428571429;14.45857142857143;18.093571428571426;9.829285714285714;0.0
2020-09-09;1.5414285714285714;1.82;4.687142857142858;14.457142857142857;16.787142857142857;9.248571428571429;0.0
2020-09-10;1.5571428571428572;1.8;4.790714285714286;14.455714285714286;15.480714285714285;8.667857142857143;0.0
2020-09-11;1.572857142857143;1.78;4.894285714285714;14.454285714285716;14.174285714285713;8.087142857142858;0.0
2020-09-12;1.5885714285714285;1.76;4.997857142857143;14.452857142857143;12.867857142857142;7.506428571428572;0.0
2020-09-13;1.6042857142857143;1.7400000000000002;5.101428571428571;14.451428571428572;11.561428571428571;6.925714285714285;0.0
2020-09-14;1.62;1.7200000000000002;5.205;14.45;10.254999999999999;6.345;0.0
2020-09-15;1.6357142857142857;1.7000000000000002;5.308571428571429;14.448571428571428;8.948571428571428;5.764285714285714;0.0
2020-09-16;1.6514285714285715;1.6800000000000002;5.412142857142857;14.447142857142858;7.642142857142858;5.183571428571429;0.0
2020-09-17;1.667142857142857;1.6600000000000001;5.515714285714285;14.445714285714285;6.335714285714285;4.602857142857143;0.0
2020-09-18;1.6828571428571428;1.6400000000000001;5.619285714285715;14.444285714285714;5.029285714285715;4.022142857142857;0.0
2020-09-19;1.6985714285714286;1.62;5.722857142857142;14.442857142857143;3.722857142857144;3.4414285714285713;0.0
2020-09-20;1.7142857142857142;1.6;5.826428571428571;14.44142857142857;2.416428571428572;2.8607142857142858;0.0
2020-09-21;1.73;1.58;5.93;14.44;1.11;2.28;0.0
2020-09-22;2.017857142857143;1.4671428571428573;5.845714285714285;14.639999999999999;1.0307142857142857;2.6078571428571427;0.0
2020-09-23;2.3057142857142856;1.3542857142857143;5.761428571428572;14.84;0.9514285714285715;2.9357142857142855;0.0
2020-09-24;2.5935714285714284;1.2414285714285715;5.677142857142857;15.04;0.8721428571428572;3.2635714285714283;0.0
2020-09-25;2.8814285714285712;1.1285714285714286;5.5928571428571425;15.239999999999998;0.7928571428571429;3.591428571428571;0.0
2020-09-26;3.169285714285714;1.0157142857142858;5.508571428571428;15.44;0.7135714285714286;3.919285714285714;0.0
2020-09-27;3.457142857142857;0.9028571428571429;5.424285714285714;15.639999999999999;0.6342857142857143;4.247142857142856;0.0
2020-09-28;3.7449999999999997;0.79;5.34;15.84;0.555;4.574999999999999;0.0
2020-09-29;4.032857142857143;0.6771428571428572;5.255714285714285;16.04;0.47571428571428576;4.902857142857142;0.0
2020-09-30;4.320714285714285;0.5642857142857143;5.171428571428571;16.24;0.39642857142857146;5.230714285714285;0.0
2020-10-01;4.6085714285714285;0.4514285714285715;5.087142857142857;16.439999999999998;0.31714285714285717;5.558571428571428;0.0
2020-10-02;4.8964285714285705;0.3385714285714285;5.002857142857143;16.64;0.23785714285714288;5.886428571428571;0.0
2020-10-03;5.184285714285714;0.22571428571428576;4.918571428571429;16.84;0.15857142857142859;6.2142857142857135;0.0
2020-10-04;5.472142857142856;0.11285714285714277;4.8342857142857145;17.04;0.0792857142857144;6.542142857142856;0.0
2020-10-05;5.76;0.0;4.75;17.24;0.0;6.87;0.0
2020-10-06;5.487142857142857;0.14714285714285716;4.772857142857143;17.142857142857142;0.15357142857142855;6.3792857142857144;0.0
2020-10-07;5.214285714285714;0.2942857142857143;4.795714285714285;17.045714285714283;0.3071428571428571;5.888571428571429;0.0
2020-10-08;4.941428571428571;0.4414285714285715;4.8185714285714285;16.948571428571427;0.46071428571428563;5.397857142857143;0.0
2020-10-09;4.668571428571428;0.5885714285714286;4.841428571428572;16.85142857142857;0.6142857142857142;4.9071428571428575;0.0
2020-10-10;4.395714285714286;0.7357142857142858;4.864285714285715;16.754285714285714;0.7678571428571428;4.416428571428572;0.0
2020-10-11;4.122857142857143;0.882857142857143;4.887142857142857;16.65714285714286;0.9214285714285713;3.9257142857142857;0.0
2020-10-12;3.8499999999999996;1.03;4.91;16.56;1.075;3.435;0.0
2020-10-13;3.577142857142857;1.1771428571428573;4.932857142857143;16.462857142857143;1.2285714285714284;2.9442857142857144;0.0
2020-10-14;3.3042857142857143;1.3242857142857145;4.9557142857142855;16.365714285714287;1.382142857142857;2.4535714285714283;0.0
2020-10-15;3.031428571428571;1.4714285714285715;4.978571428571429;16.268571428571427;1.5357142857142856;1.9628571428571426;0.0
2020-10-16;2.7585714285714285;1.6185714285714288;5.001428571428572;16.17142857142857;1.689285714285714;1.472142857142857;0.0
2020-10-17;2.4857142857142858;1.765714285714286;5.024285714285715;16.074285714285715;1.8428571428571425;0.9814285714285713;0.0
2020-10-18;2.2128571428571426;1.912857142857143;5.047142857142857;15.977142857142859;1.9964285714285712;0.49071428571428566;0.0
2020-10-19;1.94;2.06;5.07;15.88;2.15;0.0;7.23
2020-10-20;1.8942857142857141;2.0828571428571427;5.125714285714286;16.015;2.09;0.5514285714285714;6.865
2020-10-21;1.8485714285714285;2.105714285714286;5.1814285714285715;16.150000000000002;2.03;1.1028571428571428;6.5
2020-10-22;1.802857142857143;2.1285714285714286;5.2371428571428575;16.285;1.97;1.6542857142857141;6.135
2020-10-23;1.7571428571428571;2.1514285714285712;5.292857142857143;16.42;1.91;2.2057142857142855;5.7700000000000005
2020-10-24;1.7114285714285713;2.1742857142857144;5.348571428571429;16.555;1.85;2.757142857142857;5.405
2020-10-25;1.6657142857142857;2.197142857142857;5.404285714285714;16.69;1.79;3.3085714285714283;5.04
2020-10-26;1.62;2.2199999999999998;5.46;16.825;1.73;3.8599999999999994;4.675000000000001
2020-10-27;1.5742857142857143;2.242857142857143;5.515714285714286;16.96;1.67;4.411428571428571;4.3100000000000005
2020-10-28;1.5285714285714285;2.2657142857142856;5.571428571428571;17.095;1.6099999999999999;4.962857142857143;3.945
2020-10-29;1.4828571428571429;2.2885714285714287;5.627142857142857;17.23;1.55;5.514285714285714;3.58
2020-10-30;1.4371428571428573;2.3114285714285714;5.682857142857142;17.365;1.49;6.065714285714285;3.215
2020-10-31;1.3914285714285715;2.334285714285714;5.738571428571428;17.5;1.4300000000000002;6.6171428571428565;2.8499999999999996
2020-11-01;1.3457142857142856;2.357142857142857;5.794285714285714;17.634999999999998;1.37;7.168571428571428;2.4849999999999994
2020-11-02;1.3;2.38;5.85;17.77;1.31;7.72;2.12
2020-11-03;1.3795238095238096;2.381904761904762;5.883333333333333;17.807142857142857;1.3523809523809525;7.757619047619047;2.2076190476190476
2020-11-04;1.4590476190476191;2.3838095238095236;5.916666666666666;17.844285714285714;1.3947619047619049;7.795238095238095;2.2952380952380955
2020-11-05;1.5385714285714287;2.3857142857142857;5.949999999999999;17.88142857142857;1.4371428571428573;7.832857142857143;2.382857142857143
2020-11-06;1.618095238095238;2.3876190476190473;5.983333333333333;17.91857142857143;1.4795238095238097;7.87047619047619;2.4704761904761905
2020-11-07;1.6976190476190478;2.3895238095238094;6.016666666666667;17.955714285714286;1.521904761904762;7.908095238095238;2.558095238095238
2020-11-08;1.7771428571428571;2.3914285714285715;6.05;17.992857142857144;1.5642857142857145;7.945714285714286;2.645714285714286
2020-11-09;1.8566666666666667;2.393333333333333;6.083333333333333;18.03;1.6066666666666667;7.983333333333333;2.7333333333333334
2020-11-10;1.9361904761904762;2.395238095238095;6.116666666666666;18.06714285714286;1.649047619047619;8.02095238095238;2.820952380952381
2020-11-11;2.015714285714286;2.3971428571428572;6.1499999999999995;18.104285714285716;1.6914285714285715;8.058571428571428;2.9085714285714284
2020-11-12;2.0952380952380953;2.399047619047619;6.183333333333333;18.141428571428573;1.733809523809524;8.096190476190475;2.9961904761904763
2020-11-13;2.1747619047619047;2.400952380952381;6.216666666666667;18.178571428571427;1.7761904761904763;8.133809523809523;3.083809523809524
2020-11-14;2.2542857142857144;2.4028571428571426;6.25;18.215714285714284;1.8185714285714287;8.17142857142857;3.1714285714285717
2020-11-15;2.333809523809524;2.4047619047619047;6.283333333333333;18.252857142857142;1.8609523809523811;8.209047619047618;3.259047619047619
2020-11-16;2.413333333333333;2.4066666666666667;6.316666666666666;18.29;1.9033333333333333;8.246666666666666;3.3466666666666667
2020-11-17;2.492857142857143;2.4085714285714284;6.35;18.327142857142857;1.9457142857142857;8.284285714285714;3.434285714285714
2020-11-18;2.5723809523809527;2.4104761904761904;6.383333333333333;18.364285714285714;1.9880952380952381;8.321904761904761;3.5219047619047616
2020-11-19;2.651904761904762;2.4123809523809525;6.416666666666666;18.40142857142857;2.0304761904761905;8.35952380952381;3.6095238095238096
2020-11-20;2.7314285714285713;2.414285714285714;6.449999999999999;18.43857142857143;2.072857142857143;8.397142857142857;3.697142857142857
2020-11-21;2.810952380952381;2.416190476190476;6.483333333333333;18.475714285714286;2.1152380952380954;8.434761904761904;3.784761904761905
2020-11-22;2.890476190476191;2.418095238095238;6.516666666666667;18.512857142857143;2.1576190476190478;8.472380952380952;3.8723809523809525
2020-11-23;2.97;2.42;6.55;18.55;2.2;8.51;3.96
2020-11-24;2.6685714285714286;2.44;6.55;18.52714285714286;2.1571428571428575;8.467142857142857;3.8885714285714283
2020-11-25;2.3671428571428574;2.46;6.55;18.504285714285714;2.1142857142857143;8.424285714285714;3.817142857142857
2020-11-26;2.065714285714286;2.48;6.55;18.481428571428573;2.0714285714285716;8.381428571428572;3.7457142857142856
2020-11-27;1.7642857142857142;2.5;6.55;18.458571428571428;2.0285714285714285;8.338571428571429;3.6742857142857144
2020-11-28;1.4628571428571426;2.52;6.55;18.435714285714287;1.9857142857142858;8.295714285714286;3.6028571428571428
2020-11-29;1.1614285714285713;2.54;6.55;18.412857142857142;1.9428571428571428;8.252857142857144;3.5314285714285716
2020-11-30;0.86;2.56;6.55;18.39;1.9;8.21;3.46
2020-12-01;0.8635714285714285;2.54;6.573571428571428;18.53;1.8928571428571428;8.182142857142859;3.4628571428571426
2020-12-02;0.8671428571428571;2.52;6.597142857142857;18.67;1.8857142857142857;8.154285714285715;3.4657142857142857
2020-12-03;0.8707142857142857;2.5;6.6207142857142856;18.810000000000002;1.8785714285714286;8.126428571428573;3.4685714285714284
2020-12-04;0.8742857142857143;2.48;6.644285714285714;18.95;1.8714285714285714;8.098571428571429;3.4714285714285715
2020-12-05;0.8778571428571429;2.46;6.667857142857143;19.09;1.8642857142857143;8.070714285714287;3.474285714285714
2020-12-06;0.8814285714285715;2.44;6.691428571428571;19.23;1.8571428571428572;8.042857142857143;3.4771428571428573
2020-12-07;0.885;2.42;6.715;19.37;1.85;8.015;3.48
2020-12-08;0.8885714285714286;2.4;6.738571428571428;19.51;1.8428571428571427;7.9871428571428575;3.4828571428571427
2020-12-09;0.8921428571428571;2.38;6.762142857142857;19.650000000000002;1.8357142857142856;7.9592857142857145;3.4857142857142858
2020-12-10;0.8957142857142857;2.36;6.785714285714286;19.790000000000003;1.8285714285714285;7.9314285714285715;3.4885714285714284
2020-12-11;0.8992857142857144;2.34;6.809285714285714;19.93;1.8214285714285714;7.903571428571429;3.4914285714285715
2020-12-12;0.9028571428571429;2.32;6.832857142857143;20.07;1.8142857142857143;7.875714285714286;3.494285714285714
2020-12-13;0.9064285714285715;2.3;6.856428571428571;20.21;1.8071428571428572;7.847857142857143;3.4971428571428573
2020-12-14;0.91;2.28;6.88;20.35;1.8;7.82;3.5
2020-12-15;0.9145454545454546;2.2986363636363634;6.919545454545455;20.37090909090909;1.8263636363636364;7.891363636363637;3.5554545454545456
2020-12-16;0.9190909090909091;2.317272727272727;6.959090909090909;20.391818181818184;1.8527272727272728;7.962727272727273;3.610909090909091
2020-12-17;0.9236363636363637;2.335909090909091;6.998636363636363;20.412727272727274;1.8790909090909091;8.03409090909091;3.6663636363636365
2020-12-18;0.9281818181818182;2.3545454545454545;7.038181818181818;20.433636363636364;1.9054545454545455;8.105454545454545;3.7218181818181817
2020-12-19;0.9327272727272727;2.373181818181818;7.077727272727273;20.454545454545457;1.9318181818181819;8.176818181818183;3.7772727272727273
2020-12-20;0.9372727272727273;2.3918181818181816;7.117272727272727;20.475454545454546;1.9581818181818182;8.248181818181818;3.8327272727272725
2020-12-21;0.9418181818181819;2.410454545454545;7.156818181818181;20.496363636363636;1.9845454545454546;8.319545454545455;3.888181818181818
2020-12-22;0.9463636363636364;2.4290909090909087;7.196363636363636;20.51727272727273;2.0109090909090908;8.39090909090909;3.9436363636363634
2020-12-23;0.9509090909090909;2.4477272727272728;7.235909090909091;20.53818181818182;2.037272727272727;8.462272727272728;3.999090909090909
2020-12-24;0.9554545454545454;2.4663636363636363;7.275454545454545;20.55909090909091;2.0636363636363635;8.533636363636365;4.054545454545455
2020-12-25;0.96;2.485;7.3149999999999995;20.58;2.09;8.605;4.109999999999999
2020-12-26;0.9645454545454546;2.5036363636363634;7.3545454545454545;20.60090909090909;2.1163636363636362;8.676363636363638;4.165454545454545
2020-12-27;0.9690909090909091;2.522272727272727;7.3940909090909095;20.62181818181818;2.1427272727272726;8.747727272727273;4.220909090909091
2020-12-28;0.9736363636363636;2.540909090909091;7.433636363636364;20.64272727272727;2.169090909090909;8.81909090909091;4.276363636363636
2020-12-29;0.9781818181818182;2.5595454545454546;7.473181818181818;20.663636363636364;2.1954545454545453;8.890454545454546;4.331818181818182
2020-12-30;0.9827272727272728;2.578181818181818;7.512727272727273;20.684545454545454;2.2218181818181817;8.961818181818183;4.387272727272727
2020-12-31;0.9872727272727273;2.5968181818181817;7.552272727272728;20.705454545454543;2.248181818181818;9.033181818181818;4.442727272727272
2021-01-01;0.9918181818181818;2.6154545454545453;7.591818181818182;20.726363636363637;2.2745454545454544;9.104545454545455;4.498181818181818
2021-01-02;0.9963636363636363;2.634090909090909;7.631363636363636;20.747272727272726;2.300909090909091;9.17590909090909;4.553636363636364
2021-01-03;1.000909090909091;2.652727272727273;7.670909090909091;20.768181818181816;2.327272727272727;9.247272727272728;4.609090909090909
2021-01-04;1.0054545454545454;2.6713636363636364;7.710454545454546;20.78909090909091;2.3536363636363635;9.318636363636365;4.664545454545454
2021-01-05;1.01;2.69;7.75;20.81;2.38;9.39;4.72
2021-01-06;1.0316666666666667;2.6766666666666667;7.87;20.781666666666666;2.2766666666666664;9.521666666666667;4.593333333333333
2021-01-07;1.0533333333333332;2.663333333333333;7.99;20.753333333333334;2.1733333333333333;9.653333333333334;4.466666666666667
2021-01-08;1.075;2.65;8.11;20.725;2.07;9.785;4.34
2021-01-09;1.0966666666666667;2.6366666666666667;8.23;20.696666666666665;1.9666666666666666;9.916666666666666;4.213333333333333
2021-01-10;1.1183333333333332;2.623333333333333;8.350000000000001;20.668333333333333;1.8633333333333333;10.048333333333334;4.086666666666667
2021-01-11;1.14;2.61;8.47;20.64;1.76;10.18;3.96
2021-01-12;1.1409090909090909;2.628181818181818;8.505454545454546;20.664545454545454;1.710909090909091;10.14181818181818;4.317272727272727
2021-01-13;1.1418181818181816;2.6463636363636365;8.540909090909091;20.68909090909091;1.6618181818181819;10.103636363636364;4.674545454545455
2021-01-14;1.1427272727272726;2.6645454545454546;8.576363636363636;20.713636363636365;1.6127272727272728;10.065454545454545;5.031818181818181
2021-01-15;1.1436363636363636;2.6827272727272726;8.611818181818181;20.73818181818182;1.5636363636363637;10.027272727272727;5.389090909090909
2021-01-16;1.1445454545454545;2.7009090909090907;8.647272727272727;20.762727272727272;1.5145454545454546;9.989090909090908;5.746363636363636
2021-01-17;1.1454545454545453;2.7190909090909092;8.682727272727274;20.78727272727273;1.4654545454545453;9.950909090909091;6.1036363636363635
2021-01-18;1.1463636363636363;2.7372727272727273;8.718181818181819;20.811818181818182;1.4163636363636363;9.912727272727272;6.460909090909091
2021-01-19;1.1472727272727272;2.7554545454545454;8.753636363636364;20.836363636363636;1.3672727272727272;9.874545454545455;6.818181818181818
2021-01-20;1.1481818181818182;2.7736363636363635;8.789090909090909;20.86090909090909;1.3181818181818181;9.836363636363636;7.175454545454546
2021-01-21;1.149090909090909;2.791818181818182;8.824545454545454;20.885454545454547;1.269090909090909;9.798181818181819;7.532727272727272
2021-01-22;1.15;2.81;8.86;20.91;1.22;9.76;7.89
2021-01-23;1.1166666666666667;2.966666666666667;9.06;21.436666666666667;1.3599999999999999;9.629999999999999;6.8
2021-01-24;1.0833333333333333;3.123333333333333;9.26;21.96333333333333;1.5;9.5;5.71
2021-01-25;1.05;3.28;9.46;22.49;1.64;9.37;4.62
2021-01-26;1.22;3.202142857142857;9.442857142857143;22.259999999999998;1.8592857142857142;9.276428571428571;4.549285714285714
2021-01-27;1.3900000000000001;3.124285714285714;9.425714285714287;22.029999999999998;2.0785714285714283;9.182857142857141;4.478571428571429
2021-01-28;1.56;3.0464285714285713;9.40857142857143;21.799999999999997;2.2978571428571426;9.089285714285714;4.407857142857143
2021-01-29;1.73;2.9685714285714284;9.391428571428571;21.57;2.517142857142857;8.995714285714286;4.337142857142857
2021-01-30;1.9;2.8907142857142856;9.374285714285715;21.34;2.736428571428571;8.902142857142858;4.2664285714285715
2021-01-31;2.0700000000000003;2.8128571428571427;9.357142857142858;21.11;2.9557142857142855;8.808571428571428;4.195714285714286
2021-02-01;2.24;2.735;9.34;20.88;3.175;8.715;4.125
2021-02-02;2.41;2.657142857142857;9.322857142857144;20.65;3.394285714285714;8.621428571428572;4.054285714285714
2021-02-03;2.58;2.579285714285714;9.305714285714286;20.419999999999998;3.6135714285714284;8.527857142857142;3.9835714285714285
2021-02-04;2.75;2.5014285714285713;9.28857142857143;20.189999999999998;3.8328571428571427;8.434285714285714;3.912857142857143
2021-02-05;2.92;2.4235714285714285;9.271428571428572;19.96;4.052142857142857;8.340714285714286;3.842142857142857
2021-02-06;3.09;2.3457142857142856;9.254285714285714;19.73;4.271428571428571;8.247142857142858;3.7714285714285714
2021-02-07;3.26;2.267857142857143;9.237142857142858;19.5;4.490714285714286;8.153571428571428;3.7007142857142856
2021-02-08;3.43;2.19;9.22;19.27;4.71;8.06;3.63
2021-02-09;3.43;2.19;9.22;19.27;4.71;8.06;3.63
2021-02-10;3.43;2.19;9.22;19.27;4.71;8.06;3.63
2021-02-11;3.43;2.19;9.22;19.27;4.71;8.06;3.63
2021-02-12;3.43;2.19;9.22;19.27;4.71;8.06;3.63
2021-02-13;3.43;2.19;9.22;19.27;4.71;8.06;3.63
2021-02-14;3.43;2.19;9.22;19.27;4.71;8.06;3.63
2021-02-15;3.43;2.19;9.22;19.27;4.71;8.06;3.63
2021-02-16;3.43;2.19;9.22;19.27;4.71;8.06;3.63
2021-02-17;3.43;2.19;9.22;19.27;4.71;8.06;3.63
2021-02-18;3.43;2.19;9.22;19.27;4.71;8.06;3.63
2021-02-19;3.43;2.19;9.22;19.27;4.71;8.06;3.63
2021-02-20;3.43;2.19;9.22;19.27;4.71;8.06;3.63
2021-02-21;3.43;2.19;9.22;19.27;4.71;8.06;3.63
2021-02-22;3.43;2.19;9.22;19.27;4.71;8.06;3.63
2021-02-23;3.43;2.19;9.22;19.27;4.71;8.06;3.63
2021-02-24;3.43;2.19;9.22;19.27;4.71;8.06;3.63
2021-02-25;3.43;2.19;9.22;19.27;4.71;8.06;3.63
2021-02-26;3.43;2.19;9.22;19.27;4.71;8.06;3.63
2021-02-27;3.43;2.19;9.22;19.27;4.71;8.06;3.63
2021-02-28;3.43;2.19;9.22;19.27;4.71;8.06;3.63
2021-03-01;3.43;2.19;9.22;19.27;4.71;8.06;3.63
2021-03-02;3.43;2.19;9.22;19.27;4.71;8.06;3.63
2021-03-03;3.43;2.19;9.22;19.27;4.71;8.06;3.63
2021-03-04;3.43;2.19;9.22;19.27;4.71;8.06;3.63
2021-03-05;3.43;2.19;9.22;19.27;4.71;8.06;3.63
2021-03-06;3.43;2.19;9.22;19.27;4.71;8.06;3.63
2021-03-07;3.43;2.19;9.22;19.27;4.71;8.06;3.63
2021-03-08;3.43;2.19;9.22;19.27;4.71;8.06;3.63
2021-03-09;3.43;2.19;9.22;19.27;4.71;8.06;3.63
2021-03-10;3.43;2.19;9.22;19.27;4.71;8.06;3.63
2021-03-11;3.43;2.19;9.22;19.27;4.71;8.06;3.63
2021-03-12;3.43;2.19;9.22;19.27;4.71;8.06;3.63
2021-03-13;3.43;2.19;9.22;19.27;4.71;8.06;3.63
2021-03-14;3.43;2.19;9.22;19.27;4.71;8.06;3.63
2021-03-15;3.43;2.19;9.22;19.27;4.71;8.06;3.63
2021-03-16;3.43;2.19;9.22;19.27;4.71;8.06;3.63
2021-03-17;3.43;2.19;9.22;19.27;4.71;8.06;3.63
2021-03-18;3.43;2.19;9.22;19.27;4.71;8.06;3.63
2021-03-19;3.43;2.19;9.22;19.27;4.71;8.06;3.63
2021-03-20;3.43;2.19;9.22;19.27;4.71;8.06;3.63
2021-03-21;3.43;2.19;9.22;19.27;4.71;8.06;3.63
2021-03-22;3.43;2.19;9.22;19.27;4.71;8.06;3.63
2021-03-23;3.43;2.19;9.22;19.27;4.71;8.06;3.63
2021-03-24;3.43;2.19;9.22;19.27;4.71;8.06;3.63
2021-03-25;3.43;2.19;9.22;19.27;4.71;8.06;3.63
2021-03-26;3.43;2.19;9.22;19.27;4.71;8.06;3.63
2021-03-27;3.43;2.19;9.22;19.27;4.71;8.06;3.63
2021-03-28;3.43;2.19;9.22;19.27;4.71;8.06;3.63
2021-03-29;3.43;2.19;9.22;19.27;4.71;8.06;3.63
2021-03-30;3.43;2.19;9.22;19.27;4.71;8.06;3.63
2021-03-31;3.43;2.19;9.22;19.27;4.71;8.06;3.63
2021-04-01;3.43;2.19;9.22;19.27;4.71;8.06;3.63
